Name,Location,Year,Kilometers_Driven,Fuel_Type,Transmission,Owner_Type,Mileage,Engine,Power,Seats,New_Price,Price
Honda Jazz V,Chennai,2011,46000,Petrol,Manual,First,18.2 kmpl,1199 CC,88.7,5.0,861.0,0.0045
Toyota Innova Crysta 2.8 GX AT 8S,Mumbai,2016,36000,Diesel,Automatic,First,11.36 kmpl,2755 CC,171.5,8.0,2100.0,0.0175
Maruti Ciaz Zeta,Kochi,2018,25692,Petrol,Manual,First,21.56 kmpl,1462 CC,103.25,5.0,1065.0,0.009949999999999999
Mitsubishi Pajero Sport 4X4,Delhi,2014,110000,Diesel,Manual,First,13.5 kmpl,2477 CC,175.56,7.0,3201.0,0.015
BMW 3 Series 320d,Kochi,2014,32982,Diesel,Automatic,First,22.69 kmpl,1995 CC,190.0,5.0,4787.0,0.01855
Honda WRV i-VTEC VX,Kochi,2018,37430,Petrol,Manual,First,17.5 kmpl,1199 CC,88.7,5.0,1057.0,0.0099
Volkswagen Vento 1.6 Highline,Coimbatore,2014,55431,Petrol,Manual,Second,16.09 kmpl,1598 CC,103.5,5.0,1233.0,0.00698
Maruti Vitara Brezza ZDi Plus,Kochi,2018,50075,Diesel,Manual,First,24.3 kmpl,1248 CC,88.5,5.0,1112.0,0.00863
Hyundai Elantra 2.0 SX Option AT,Bangalore,2014,46374,Petrol,Automatic,First,14.62 kmpl,1999 CC,149.92,5.0,2364.0,0.00885
Toyota Innova Crysta 2.7 GX MT,Bangalore,2012,70704,Petrol,Manual,First,11.25 kmpl,2694 CC,163.7,7.0,1864.0,0.01095
Toyota Innova Crysta 2.4 GX MT 8S,Mumbai,2017,22000,Diesel,Manual,First,13.68 kmpl,2393 CC,147.8,8.0,1934.0,0.0165
Mercedes-Benz C-Class Progressive C 220d,Coimbatore,2019,15369,Diesel,Automatic,First,0.0 kmpl,1950 CC,194.0,5.0,4914.0,0.03567
Hyundai Creta 1.4 E Plus Diesel,Mumbai,2018,13000,Diesel,Manual,First,22.1 kmpl,1396 CC,88.7,5.0,1181.0,0.0105
Nissan Terrano XV D Pre,Kochi,2015,56066,Diesel,Manual,First,19.64 kmpl,1461 CC,108.5,5.0,1664.9999999999998,0.00692
Tata Zest Revotron 1.2T XE,Pune,2017,70000,Petrol,Manual,First,17.57 kmpl,1193 CC,88.7,5.0,667.0,0.0045
Datsun GO Plus T Petrol,Pune,2017,32851,Petrol,Manual,First,19.83 kmpl,1198 CC,67.0,7.0,645.0,0.00395
Toyota Etios Liva 1.2 G,Ahmedabad,2014,53000,Petrol,Manual,First,17.71 kmpl,1197 CC,78.9,5.0,641.0,0.0039
Toyota Innova Crysta 2.8 ZX AT,Mumbai,2017,30000,Diesel,Automatic,First,11.36 kmpl,2755 CC,171.5,7.0,2700.0,0.01925
Maruti Eeco 5 Seater AC,Coimbatore,2017,38053,Petrol,Manual,First,15.1 kmpl,1196 CC,73.0,5.0,513.0,0.00391
BMW 3 Series 320d Luxury Line,Mumbai,2015,56087,Diesel,Automatic,First,22.69 kmpl,1995 CC,190.0,5.0,5443.0,0.02075
Nissan Micra XV CVT,Coimbatore,2016,39882,Petrol,Automatic,First,19.15 kmpl,1198 CC,75.94,5.0,951.0,0.006549999999999999
Maruti Vitara Brezza VDi,Mumbai,2016,55000,Diesel,Manual,First,24.3 kmpl,1248 CC,88.5,5.0,996.0000000000001,0.0075
Hyundai Verna CRDi 1.6 SX Option,Kolkata,2018,10250,Diesel,Manual,First,22.0 kmpl,1582 CC,126.2,5.0,1444.0,0.01095
Maruti Alto K10 VXI,Hyderabad,2014,88500,Petrol,Manual,First,24.07 kmpl,998 CC,67.1,5.0,453.0,0.0026
Mercedes-Benz SLC 43 AMG,Kolkata,2017,13372,Petrol,Automatic,First,19.0 kmpl,2996 CC,362.07,2.0,9504.0,0.054
Hyundai Verna VTVT 1.6 AT SX Plus,Kochi,2019,12645,Petrol,Automatic,First,17.0 kmpl,1591 CC,121.3,5.0,1349.0,0.0115
Audi RS5 Coupe,Mumbai,2013,23000,Petrol,Automatic,First,11.05 kmpl,2894 CC,444.0,4.0,12800.0,0.037
BMW 3 Series Luxury Line,Mumbai,2014,48000,Diesel,Automatic,First,21.76 kmpl,1995 CC,190.0,5.0,6088.0,0.0265
Hyundai Grand i10 1.2 Kappa Asta,Kolkata,2019,1000,Petrol,Manual,First,18.9 kmpl,1197 CC,81.86,5.0,739.0,0.0065
BMW 5 Series 520d Luxury Line,Hyderabad,2014,51000,Diesel,Automatic,First,22.48 kmpl,1995 CC,190.0,5.0,6947.0,0.0335
Maruti Baleno Alpha,Kochi,2017,24773,Petrol,Manual,First,21.4 kmpl,1197 CC,83.1,5.0,877.9999999999999,0.0075
Maruti Ertiga ZDI,Mumbai,2016,33000,Diesel,Manual,First,25.47 kmpl,1248 CC,88.5,7.0,1274.0,0.0085
Mahindra NuvoSport N6,Chennai,2017,29000,Diesel,Manual,Second,17.45 kmpl,1493 CC,100.0,7.0,1052.0,0.0065
Maruti Vitara Brezza ZDi Plus Dual Tone,Mumbai,2016,20000,Diesel,Manual,First,24.3 kmpl,1248 CC,88.5,5.0,1198.0,0.009
Honda Amaze S Diesel,Kolkata,2013,45000,Diesel,Manual,First,27.4 kmpl,1498 CC,98.6,5.0,853.9999999999999,0.00325
Skoda Superb Style 1.8 TSI AT,Hyderabad,2017,26000,Petrol,Automatic,First,14.67 kmpl,1798 CC,177.46,5.0,3358.0,0.026
Mahindra Verito 1.5 D4 BSIV,Hyderabad,2013,107000,Diesel,Manual,First,21.03 kmpl,1461 CC,65.0,5.0,911.9999999999999,0.0037
Maruti Wagon R VXI,Kolkata,2013,32000,Petrol,Manual,First,22.5 kmpl,998 CC,67.04,5.0,529.0,0.00265
Mini Cooper Convertible S,Kochi,2017,26327,Petrol,Automatic,First,16.82 kmpl,1998 CC,189.08,4.0,4428.0,0.03567
Toyota Innova Crysta 2.8 GX AT,Kochi,2019,14165,Diesel,Automatic,First,11.36 kmpl,2755 CC,171.5,7.0,2073.9999999999995,0.01964
Honda City i-VTEC V,Kolkata,2011,32572,Petrol,Manual,First,17.4 kmpl,1497 CC,117.3,5.0,1174.0,0.00387
Toyota Innova Crysta 2.4 ZX MT,Pune,2017,43000,Diesel,Manual,First,13.68 kmpl,2393 CC,147.8,7.0,2552.0,0.01865
Hyundai Verna CRDi 1.6 SX,Hyderabad,2008,143275,Diesel,Manual,First,22.0 kmpl,1582 CC,126.2,5.0,1407.0,0.0026
Mercedes-Benz GLE 350d,Coimbatore,2017,29819,Diesel,Automatic,First,11.57 kmpl,2987 CC,254.79,5.0,9513.0,0.06129
Tata Zest Quadrajet 1.3 75PS XE,Pune,2017,121900,Diesel,Manual,First,22.95 kmpl,1248 CC,74.0,5.0,834.0,0.00375
Tata Zest Quadrajet 1.3 75PS XE,Pune,2018,45000,Diesel,Manual,First,22.95 kmpl,1248 CC,74.0,5.0,834.0,0.00525
Honda Jazz VX,Delhi,2015,62178,Petrol,Manual,First,18.2 kmpl,1199 CC,88.7,5.0,885.0,0.004849999999999999
Toyota Innova Crysta 2.4 ZX MT,Chennai,2016,48000,Diesel,Manual,First,13.68 kmpl,2393 CC,147.8,7.0,2540.0,0.02025
Honda City i-VTEC CVT ZX,Mumbai,2017,15000,Petrol,Automatic,First,18.0 kmpl,1497 CC,117.3,5.0,1667.0000000000002,0.01269
Mercedes-Benz GLE 250d,Hyderabad,2017,29000,Diesel,Automatic,First,17.9 kmpl,2143 CC,201.15,5.0,7943.000000000001,0.057
Honda Brio 1.2 VX MT,Kochi,2012,91931,Petrol,Manual,First,18.5 kmpl,1198 CC,86.8,5.0,662.0,0.00313
Audi Q7 45 TDI Quattro Technology,Coimbatore,2017,97430,Diesel,Automatic,First,14.75 kmpl,2967 CC,245.0,7.0,10400.0,0.06267
Maruti Vitara Brezza LDi,Chennai,2016,45000,Diesel,Manual,First,24.3 kmpl,1248 CC,88.5,5.0,911.9999999999999,0.00715
BMW 3 Series Luxury Line,Kochi,2015,30717,Diesel,Automatic,Second,21.76 kmpl,1995 CC,190.0,5.0,5867.0,0.02599
Skoda Octavia RS,Jaipur,2005,100000,Petrol,Automatic,First,14.45 kmpl,1984 CC,227.0,5.0,2837.0,0.0020499999999999997
Maruti Alto K10 VXI,Pune,2017,30000,Petrol,Manual,First,24.07 kmpl,998 CC,67.1,5.0,448.00000000000006,0.00375
Jaguar XF 2.0 Diesel Portfolio,Hyderabad,2017,21000,Diesel,Automatic,First,19.33 kmpl,1999 CC,177.0,5.0,7264.0,0.052
Skoda Superb L&K 1.8 TSI AT,Kochi,2019,13747,Petrol,Automatic,First,14.67 kmpl,1798 CC,177.46,5.0,3615.0,0.0273
Mini Clubman Cooper S,Pune,2017,8350,Petrol,Manual,First,13.8 kmpl,1998 CC,192.0,5.0,4459.0,0.035
Maruti Vitara Brezza ZDi Plus,Hyderabad,2017,39000,Diesel,Manual,First,24.3 kmpl,1248 CC,88.5,5.0,1200.0,0.00949
Honda BRV i-VTEC V CVT,Kochi,2017,35676,Petrol,Automatic,First,16.0 kmpl,1497 CC,117.3,7.0,1465.0,0.00948
Jaguar XE Portfolio,Mumbai,2017,9000,Petrol,Automatic,First,13.5 kmpl,1999 CC,246.74,5.0,5372.0,0.0345
Mitsubishi Pajero Sport 4X2 AT DualTone BlackTop,Hyderabad,2018,12000,Diesel,Automatic,First,13.5 kmpl,2477 CC,175.56,7.0,3390.9999999999995,0.028
BMW 3 Series Luxury Line,Mumbai,2015,41000,Diesel,Automatic,First,21.76 kmpl,1995 CC,190.0,5.0,6088.0,0.0255
Honda BR-V i-VTEC S MT,Pune,2017,9000,Petrol,Manual,First,15.4 kmpl,1497 CC,117.3,7.0,1251.0,0.0085
Hyundai i20 Active SX Petrol,Jaipur,2017,40250,Petrol,Manual,First,17.19 kmpl,1197 CC,81.86,5.0,974.0,0.006900000000000001
Mercedes-Benz GLC 43 AMG Coupe,Coimbatore,2018,22397,Petrol,Automatic,First,11.5 kmpl,2996 CC,367.0,5.0,9538.0,0.07099
Audi A6 35 TFSI Matrix,Mumbai,2016,47000,Petrol,Automatic,First,15.26 kmpl,1798 CC,187.74,5.0,6059.0,0.0245
Mini Cooper Convertible S,Mumbai,2014,11900,Petrol,Automatic,First,16.82 kmpl,1998 CC,189.08,4.0,4428.0,0.0285
Mahindra Bolero ZLX,Coimbatore,2016,82756,Diesel,Manual,First,15.96 kmpl,2523 CC,62.1,7.0,1128.0,0.0077
Volkswagen Vento 1.6 Comfortline,Mumbai,2017,15000,Petrol,Manual,Second,16.09 kmpl,1598 CC,103.5,5.0,1148.0,0.0070999999999999995
Maruti S-Cross Delta DDiS 200 SH,Delhi,2018,12923,Diesel,Manual,First,25.1 kmpl,1248 CC,88.5,5.0,1126.0,0.008919999999999999
Audi Q3 35 TDI Quattro Premium Plus,Coimbatore,2016,86642,Diesel,Automatic,First,15.17 kmpl,1968 CC,181.0,5.0,4365.0,0.020370000000000003
BMW 3 Series Luxury Line,Bangalore,2016,19235,Diesel,Automatic,First,21.76 kmpl,1995 CC,190.0,5.0,6207.0,0.0365
Mercedes-Benz E-Class E 220 d,Kochi,2018,26405,Petrol,Automatic,First,12.6 kmpl,1950 CC,191.34,5.0,8697.0,0.05143
Mercedes-Benz GLS 350d 4MATIC,Pune,2017,129000,Diesel,Automatic,First,11.0 kmpl,2987 CC,258.0,7.0,10000.0,0.056
Maruti Wagon R LXI,Ahmedabad,2012,30000,Petrol,Manual,First,22.5 kmpl,998 CC,67.04,5.0,474.0,0.0033
Hyundai Creta 1.6 SX,Chennai,2016,69434,Petrol,Manual,First,15.8 kmpl,1591 CC,121.3,5.0,1484.0,0.008
Mercedes-Benz New C-Class Progressive C 200,Kochi,2019,13190,Petrol,Automatic,First,0.0 kmpl,1950 CC,181.43,5.0,4949.0,0.038990000000000004
BMW X1 sDrive 20d xLine,Coimbatore,2017,31645,Diesel,Automatic,First,20.68 kmpl,1995 CC,190.0,5.0,4818.0,0.0294
Maruti Ertiga ZDI,Pune,2013,105000,Diesel,Manual,Second,25.47 kmpl,1248 CC,88.5,7.0,1234.0,0.00675
Skoda Rapid 1.5 TDI Style,Hyderabad,2017,31000,Diesel,Manual,First,21.13 kmpl,1498 CC,108.4,5.0,1538.0,0.0105
Toyota Innova Crysta 2.8 GX AT,Ahmedabad,2016,100200,Diesel,Automatic,First,11.36 kmpl,2755 CC,171.5,7.0,1921.0,0.017
Jeep Compass 2.0 Limited,Jaipur,2018,29000,Diesel,Manual,First,17.1 kmpl,1956 CC,170.0,5.0,2295.0,0.019
Mahindra Bolero ZLX,Jaipur,2012,105000,Diesel,Manual,Second,15.96 kmpl,2523 CC,62.1,7.0,1115.0,0.006
Volkswagen Polo 1.5 TDI Highline,Coimbatore,2018,33558,Diesel,Manual,First,20.14 kmpl,1498 CC,88.0,5.0,1032.0,0.008119999999999999
Toyota Innova Crysta 2.8 ZX AT,Coimbatore,2019,40674,Diesel,Automatic,First,11.36 kmpl,2755 CC,171.5,7.0,2805.0,0.024820000000000002
Mercedes-Benz GLC 220d 4MATIC Style,Mumbai,2018,10003,Diesel,Automatic,First,17.9 kmpl,2143 CC,170.0,5.0,5977.0,0.0485
Volkswagen Vento 1.5 TDI Highline AT,Mumbai,2016,25000,Diesel,Automatic,First,21.5 kmpl,1498 CC,108.5,5.0,1586.0,0.00945
Toyota Innova Crysta 2.4 GX MT 8S,Hyderabad,2017,52000,Diesel,Manual,First,13.68 kmpl,2393 CC,147.8,8.0,1943.0,0.0175
Maruti Vitara Brezza ZDi,Pune,2016,21558,Diesel,Manual,First,24.3 kmpl,1248 CC,88.5,5.0,1065.0,0.0089
Mini Cooper 5 DOOR D,Mumbai,2016,11000,Diesel,Automatic,First,20.7 kmpl,1496 CC,113.98,5.0,4212.0,0.0295
Tata Safari Storme VX Varicor 400,Jaipur,2017,37000,Diesel,Manual,First,14.1 kmpl,2179 CC,154.0,7.0,1695.0,0.01125
Honda BR-V i-DTEC VX MT,Kochi,2017,32249,Diesel,Manual,First,21.9 kmpl,1498 CC,98.6,7.0,1545.0,0.01079
Maruti Ignis 1.2 Alpha,Mumbai,2017,7000,Petrol,Manual,First,20.89 kmpl,1197 CC,81.8,5.0,787.0,0.0057
Maruti Alto K10 VXI,Bangalore,2011,64357,Petrol,Manual,First,24.07 kmpl,998 CC,67.1,5.0,470.0,0.00275
Honda BRV i-VTEC V CVT,Mumbai,2017,18000,Petrol,Automatic,First,16.0 kmpl,1497 CC,117.3,7.0,1502.0,0.00925
Maruti Vitara Brezza ZDi Plus Dual Tone,Coimbatore,2017,18108,Diesel,Manual,First,24.3 kmpl,1248 CC,88.5,5.0,1256.0,0.01131
Nissan Sunny XV CVT,Kochi,2013,37199,Petrol,Automatic,First,17.5 kmpl,1498 CC,99.6,5.0,1133.0,0.00543
Toyota Innova Crysta 2.4 ZX MT,Bangalore,2017,64798,Diesel,Manual,First,13.68 kmpl,2393 CC,147.8,7.0,2645.0,0.01875
Maruti Dzire AMT ZXI Plus,Hyderabad,2017,13000,Petrol,Automatic,First,22.0 kmpl,1197 CC,81.8,5.0,1034.0,0.0085
Hyundai Grand i10 1.2 CRDi Magna,Kolkata,2017,14000,Diesel,Manual,First,24.0 kmpl,1186 CC,73.97,5.0,746.0,0.004900000000000001
Honda City i-VTEC V,Delhi,2014,55818,Petrol,Manual,Second,17.4 kmpl,1497 CC,117.3,5.0,1185.0,0.0057
Maruti Ertiga VDI,Ahmedabad,2017,63939,Diesel,Manual,First,25.47 kmpl,1248 CC,88.5,7.0,1041.0,0.00775
Maruti Celerio VXI AMT,Delhi,2014,35214,Petrol,Automatic,Second,23.1 kmpl,998 CC,67.04,5.0,557.0,0.0032
Mini Cooper 5 DOOR D,Hyderabad,2014,60000,Diesel,Automatic,Second,20.7 kmpl,1496 CC,113.98,5.0,4248.0,0.0235
Honda City i-VTEC CVT VX,Bangalore,2015,18955,Petrol,Automatic,First,18.0 kmpl,1497 CC,117.3,5.0,1604.0,0.01065
Honda Jazz VX,Kochi,2018,20024,Petrol,Manual,First,18.2 kmpl,1199 CC,88.7,5.0,910.0,0.00846
Ford Figo Titanium Diesel,Kolkata,2015,72035,Diesel,Manual,First,25.5 kmpl,1498 CC,99.0,5.0,765.0,0.0025
Hyundai Creta 1.6 SX,Ahmedabad,2016,21000,Petrol,Manual,First,15.8 kmpl,1591 CC,121.3,5.0,1374.0,0.0109
Maruti Wagon R VXI,Coimbatore,2015,72599,Petrol,Manual,First,22.5 kmpl,998 CC,67.04,5.0,572.0,0.00432
Mahindra XUV500 W9 AT,Coimbatore,2019,19654,Diesel,Automatic,First,14.0 kmpl,2179 CC,155.0,7.0,2133.0,0.01763
Mercedes-Benz GLE 250d,Mumbai,2016,21000,Diesel,Automatic,First,17.9 kmpl,2143 CC,201.15,5.0,7876.000000000001,0.056
Honda Amaze VX Diesel,Hyderabad,2018,12000,Diesel,Manual,First,27.4 kmpl,1498 CC,98.6,5.0,1034.0,0.0085
Maruti Alto K10 LXI,Pune,2014,49000,Petrol,Manual,First,24.07 kmpl,998 CC,67.1,5.0,429.0,0.0023
Volkswagen Ameo 1.5 TDI Highline,Mumbai,2017,51000,Diesel,Manual,First,21.66 kmpl,1498 CC,108.62,5.0,1003.9999999999999,0.00645
Mahindra Xylo H4,Chennai,2016,215000,Diesel,Manual,First,14.02 kmpl,2179 CC,118.3,7.0,1167.0,0.0075
Toyota Innova Crysta 2.4 ZX MT,Pune,2017,43200,Diesel,Manual,First,13.68 kmpl,2393 CC,147.8,7.0,2552.0,0.018600000000000002
Hyundai Xcent 1.2 CRDi S,Jaipur,2018,25302,Diesel,Manual,First,25.4 kmpl,1186 CC,73.97,5.0,856.0,0.005900000000000001
Toyota Innova Crysta 2.8 ZX AT,Kochi,2018,41736,Diesel,Automatic,First,11.36 kmpl,2755 CC,171.5,7.0,2700.0,0.01992
Renault KWID 1.0 RXT Optional,Jaipur,2017,63262,Petrol,Manual,First,21.7 kmpl,999 CC,67.0,5.0,478.0,0.00325
Maruti Celerio VXI Optional AMT,Pune,2017,7500,Petrol,Automatic,First,23.1 kmpl,998 CC,67.04,5.0,614.0,0.005
Maruti Dzire VXI,Kolkata,2011,46687,Petrol,Manual,First,22.0 kmpl,1197 CC,81.8,5.0,730.0,0.0027
Datsun redi-GO T Option,Bangalore,2016,20487,Petrol,Manual,First,22.7 kmpl,799 CC,53.64,5.0,437.0,0.00266
Maruti Eeco 7 Seater Standard,Coimbatore,2012,56661,Petrol,Manual,First,15.1 kmpl,1196 CC,73.0,7.0,498.00000000000006,0.00361
Honda City i-VTEC CVT VX,Mumbai,2015,30000,Petrol,Automatic,First,18.0 kmpl,1497 CC,117.3,5.0,1529.0,0.00865
Jeep Compass 2.0 Limited 4X4,Mumbai,2017,52000,Diesel,Manual,First,16.3 kmpl,1956 CC,170.0,5.0,2426.0,0.02
Land Rover Range Rover Evoque 2.0 TD4 HSE Dynamic,Kochi,2018,31427,Diesel,Automatic,First,15.68 kmpl,1999 CC,177.0,5.0,7512.0,0.05972
Maruti Baleno Alpha Diesel,Kolkata,2016,29000,Diesel,Manual,First,27.39 kmpl,1248 CC,74.0,5.0,952.9999999999999,0.0065
Mitsubishi Pajero Sport 4X4,Bangalore,2013,132000,Diesel,Manual,First,13.5 kmpl,2477 CC,175.56,7.0,3460.0,0.01249
Toyota Innova Crysta 2.4 ZX MT,Coimbatore,2018,92056,Diesel,Manual,First,13.68 kmpl,2393 CC,147.8,7.0,2645.0,0.01839
Honda Jazz VX Diesel,Mumbai,2016,38000,Diesel,Manual,First,27.3 kmpl,1498 CC,98.6,5.0,1115.0,0.00621
Mercedes-Benz C-Class Progressive C 220d,Mumbai,2018,8682,Diesel,Automatic,First,0.0 kmpl,1950 CC,194.0,5.0,5226.0,0.0395
BMW 5 Series 520d Luxury Line,Mumbai,2012,61240,Diesel,Automatic,First,22.48 kmpl,1995 CC,190.0,5.0,7043.000000000001,0.0175
Renault KWID RXT Optional,Hyderabad,2018,1900,Petrol,Manual,First,25.17 kmpl,799 CC,53.3,5.0,480.0,0.00445
Ford Ecosport Signature Edition Diesel,Coimbatore,2019,23154,Diesel,Manual,First,23.0 kmpl,1498 CC,98.96,5.0,1212.0,0.01165
Toyota Innova Crysta 2.4 GX MT,Chennai,2017,67489,Diesel,Manual,First,13.68 kmpl,2393 CC,147.8,7.0,1937.0,0.0165
Volkswagen Vento 1.5 TDI Comfortline,Coimbatore,2014,56658,Diesel,Manual,First,20.64 kmpl,1498 CC,108.5,5.0,1214.0,0.00539
Toyota Fortuner 2.8 4WD MT,Kochi,2013,105072,Diesel,Manual,First,14.24 kmpl,2755 CC,174.5,7.0,3669.0,0.01328
Jeep Compass 1.4 Limited Option,Mumbai,2017,4000,Petrol,Automatic,First,16.0 kmpl,1368 CC,160.0,5.0,2368.0,0.01775
Audi A4 35 TDI Technology,Hyderabad,2015,45000,Diesel,Automatic,First,18.25 kmpl,1968 CC,187.74,5.0,5561.0,0.025
Ford EcoSport 1.5 Petrol Titanium Plus AT,Coimbatore,2018,18385,Petrol,Automatic,First,14.8 kmpl,1497 CC,121.36,5.0,1410.0,0.012410000000000001
Maruti S-Cross Zeta DDiS 200 SH,Coimbatore,2016,74611,Diesel,Manual,First,25.1 kmpl,1248 CC,88.5,5.0,1326.0,0.007940000000000001
Toyota Innova Crysta 2.8 ZX AT,Bangalore,2016,108000,Diesel,Automatic,First,11.36 kmpl,2755 CC,171.5,7.0,2805.0,0.0205
Maruti Ertiga VDI,Pune,2016,130000,Diesel,Manual,First,25.47 kmpl,1248 CC,88.5,7.0,1127.0,0.007
Maruti Vitara Brezza ZDi Plus,Kochi,2019,34688,Diesel,Manual,First,24.3 kmpl,1248 CC,88.5,5.0,1120.0,0.010490000000000001
Tata Zest Revotron 1.2 XT,Mumbai,2014,40000,Petrol,Manual,First,17.57 kmpl,1193 CC,88.7,5.0,856.0,0.00395
Maruti Vitara Brezza VDi,Kolkata,2017,35000,Diesel,Manual,First,24.3 kmpl,1248 CC,88.5,5.0,946.0000000000001,0.0065
Mahindra XUV300 W8 Diesel,Chennai,2012,97000,Diesel,Manual,First,20.0 kmpl,1497 CC,115.0,5.0,1279.0,0.00725
Hyundai Verna CRDi 1.6 SX Option,Kochi,2014,89614,Diesel,Manual,First,22.0 kmpl,1582 CC,126.2,5.0,1557.0,0.00601
Tata Hexa XT,Delhi,2017,55000,Diesel,Manual,First,17.6 kmpl,2179 CC,153.86,7.0,1986.0,0.012
Tata Tiago 1.2 Revotron XZ,Coimbatore,2018,9565,Petrol,Manual,First,23.84 kmpl,1199 CC,84.0,5.0,659.0,0.00588
Mercedes-Benz E-Class E 220 d,Kochi,2018,20446,Petrol,Automatic,First,12.6 kmpl,1950 CC,191.34,5.0,8697.0,0.05135
Mini Cooper 5 DOOR D,Ahmedabad,2014,34000,Diesel,Automatic,First,20.7 kmpl,1496 CC,113.98,5.0,4212.0,0.022
Hyundai Grand i10 1.2 Kappa Magna,Delhi,2017,8471,Petrol,Manual,First,18.9 kmpl,1197 CC,81.86,5.0,654.0,0.005
Toyota Innova Crysta 2.8 ZX AT,Hyderabad,2016,69000,Diesel,Automatic,First,11.36 kmpl,2755 CC,171.5,7.0,2656.0,0.01975
Renault Duster 110PS Diesel RxZ AMT,Coimbatore,2017,30090,Diesel,Automatic,First,19.6 kmpl,1461 CC,108.45,5.0,1505.0,0.011439999999999999
Mahindra Bolero ZLX,Mumbai,2016,40448,Diesel,Manual,First,15.96 kmpl,2523 CC,62.1,7.0,1101.0,0.0035
Maruti Vitara Brezza ZDi,Coimbatore,2018,64456,Diesel,Manual,First,24.3 kmpl,1248 CC,88.5,5.0,1100.0,0.01046
Honda Amaze S Petrol,Kochi,2016,51672,Petrol,Manual,First,19.5 kmpl,1199 CC,88.76,5.0,755.0,0.005679999999999999
Hyundai Grand i10 1.2 Kappa Asta,Hyderabad,2017,20000,Petrol,Manual,First,18.9 kmpl,1197 CC,81.86,5.0,782.0,0.00598
Hyundai Grand i10 1.2 Kappa Magna,Kochi,2018,50234,Petrol,Manual,First,18.9 kmpl,1197 CC,81.86,5.0,632.0,0.00477
Hyundai Verna VTVT 1.6 AT SX Option,Mumbai,2015,40600,Petrol,Automatic,First,17.0 kmpl,1591 CC,121.3,5.0,1514.0,0.0072
Hyundai Verna CRDi 1.6 AT SX Option,Ahmedabad,2013,87000,Diesel,Automatic,First,22.0 kmpl,1582 CC,126.2,5.0,1572.0,0.005900000000000001
Volvo S60 D4 Momentum,Hyderabad,2015,51000,Diesel,Automatic,First,27.03 kmpl,1969 CC,190.0,5.0,4567.0,0.025
BMW 3 Series 320d Luxury Line,Chennai,2012,65000,Diesel,Automatic,First,22.69 kmpl,1995 CC,190.0,5.0,5470.0,0.014
Toyota Innova Crysta 2.4 VX MT,Hyderabad,2017,24393,Diesel,Manual,First,13.68 kmpl,2393 CC,147.8,7.0,2287.0,0.020399999999999998
Volkswagen Polo 1.0 MPI Trendline,Hyderabad,2019,1000,Petrol,Manual,First,18.78 kmpl,999 CC,75.0,5.0,674.0,0.005679999999999999
Mitsubishi Pajero Sport 4X4,Mumbai,2013,59000,Diesel,Manual,First,13.5 kmpl,2477 CC,175.56,7.0,3309.0000000000005,0.01275
Toyota Corolla Altis 1.8 VL CVT,Delhi,2017,21000,Petrol,Automatic,First,14.28 kmpl,1798 CC,138.03,5.0,2325.0,0.018
Toyota Corolla Altis 1.4 DG,Ahmedabad,2012,52000,Diesel,Manual,First,21.43 kmpl,1364 CC,86.79,5.0,1927.0,0.0065
Jaguar XE 2.0L Diesel Prestige,Delhi,2018,1000,Diesel,Automatic,First,13.6 kmpl,1999 CC,177.0,5.0,5277.0,0.04
Mahindra Xylo D4,Chennai,2016,85000,Diesel,Manual,First,14.95 kmpl,2489 CC,93.7,7.0,1167.0,0.00615
Maruti Swift VDI,Kochi,2017,34613,Diesel,Manual,First,28.4 kmpl,1248 CC,74.0,5.0,792.0,0.00624
Hyundai Xcent 1.2 VTVT S,Bangalore,2014,54000,Petrol,Manual,First,20.14 kmpl,1197 CC,81.86,5.0,785.0,0.0055
Honda City i-VTEC CVT VX,Kochi,2018,22974,Petrol,Automatic,First,18.0 kmpl,1497 CC,117.3,5.0,1555.0,0.011970000000000001
Toyota Fortuner 2.8 2WD MT,Ahmedabad,2015,65012,Diesel,Manual,First,14.24 kmpl,2755 CC,174.5,7.0,3245.0000000000005,0.0189
Maruti Eeco 7 Seater Standard,Hyderabad,2015,90413,Petrol,Manual,First,15.1 kmpl,1196 CC,73.0,7.0,483.0,0.0029500000000000004
Maruti Swift LDI,Mumbai,2015,14000,Diesel,Manual,First,28.4 kmpl,1248 CC,74.0,5.0,713.0,0.00525
BMW 5 Series 520d Luxury Line,Coimbatore,2012,44450,Diesel,Automatic,First,22.48 kmpl,1995 CC,190.0,5.0,7181.999999999999,0.02468
BMW X1 M Sport sDrive 20d,Mumbai,2016,31000,Diesel,Automatic,First,17.05 kmpl,1995 CC,190.0,5.0,5097.0,0.0295
Hyundai Verna CRDi 1.4 E,Chennai,2008,121097,Diesel,Manual,Second,24.0 kmpl,1396 CC,88.76,5.0,1073.0,0.0019
Fiat Linea Classic Plus 1.3 Multijet,Jaipur,2013,86000,Diesel,Manual,Second,19.5 kmpl,1248 CC,75.0,5.0,950.0,0.0025
BMW 3 Series 320d Luxury Line,Kochi,2013,37613,Diesel,Automatic,First,22.69 kmpl,1995 CC,190.0,5.0,5246.0,0.013949999999999999
Maruti Ignis 1.2 Delta,Coimbatore,2019,16862,Petrol,Manual,First,20.89 kmpl,1197 CC,81.8,5.0,607.0,0.006059999999999999
Maruti Wagon R CNG LXI,Pune,2013,79494,CNG,Manual,First,33.54 km/kg,998 CC,67.04,5.0,554.0,0.00296
Audi Q7 45 TDI Quattro Technology,Mumbai,2016,20002,Diesel,Automatic,First,14.75 kmpl,2967 CC,245.0,7.0,10400.0,0.067
Maruti Alto K10 VXI,Kolkata,2018,2100,Petrol,Manual,First,24.07 kmpl,998 CC,67.1,5.0,433.0,0.0036
Hyundai Grand i10 1.2 Kappa Sportz AT,Coimbatore,2018,20667,Petrol,Automatic,First,18.9 kmpl,1197 CC,81.86,5.0,863.0000000000001,0.007549999999999999
Hyundai Grand i10 1.2 Kappa Sportz,Kochi,2019,18453,Petrol,Manual,First,18.9 kmpl,1197 CC,81.86,5.0,668.0,0.00617
Hyundai Verna CRDi 1.6 SX,Hyderabad,2008,96578,Diesel,Manual,First,22.0 kmpl,1582 CC,126.2,5.0,1407.0,0.0025
Renault Duster 110PS Diesel RxZ AMT,Bangalore,2016,45000,Diesel,Automatic,First,19.6 kmpl,1461 CC,108.45,5.0,1505.0,0.0115
Hyundai Grand i10 1.2 Kappa Magna AT,Bangalore,2018,3000,Petrol,Automatic,First,18.9 kmpl,1197 CC,81.86,5.0,798.0,0.0062
Toyota Innova Crysta 2.8 ZX AT,Kolkata,2016,66618,Diesel,Automatic,First,11.36 kmpl,2755 CC,171.5,7.0,2482.0,0.01549
Tata Zest Revotron 1.2T XM,Mumbai,2016,43706,Petrol,Manual,First,17.57 kmpl,1193 CC,88.7,5.0,763.0,0.004
Toyota Innova Crysta 2.4 VX MT,Kochi,2018,8899,Diesel,Manual,First,13.68 kmpl,2393 CC,147.8,7.0,2286.0,0.01992
Ford EcoSport 1.5 Petrol Titanium,Pune,2018,17000,Petrol,Manual,First,17.0 kmpl,1497 CC,121.36,5.0,1106.0,0.0092
Maruti Alto K10 VXI,Hyderabad,2016,10000,Petrol,Manual,First,24.07 kmpl,998 CC,67.1,5.0,453.0,0.0035
Toyota Corolla Altis 1.8 G,Mumbai,2010,93000,Petrol,Manual,First,14.28 kmpl,1798 CC,138.03,5.0,1939.0,0.0045
Hyundai Elantra 2.0 SX Option AT,Delhi,2017,9500,Petrol,Automatic,First,14.62 kmpl,1999 CC,149.92,5.0,2177.0,0.01635
Hyundai Creta 1.6 SX Automatic Diesel,Chennai,2016,55000,Diesel,Automatic,First,17.6 kmpl,1582 CC,126.2,5.0,1835.0000000000002,0.0125
Volkswagen Ameo 1.5 TDI Comfortline,Jaipur,2016,58095,Diesel,Manual,First,21.66 kmpl,1498 CC,108.62,5.0,919.0,0.0058
Tata Zest Revotron 1.2 XT,Kolkata,2015,7445,Petrol,Manual,First,17.57 kmpl,1193 CC,88.7,5.0,809.0,0.005
Toyota Corolla Altis 1.8 VL CVT,Kochi,2018,28321,Petrol,Automatic,First,14.28 kmpl,1798 CC,138.03,5.0,2325.0,0.01749
Land Rover Range Rover Sport SE,Kochi,2019,26013,Diesel,Automatic,First,12.65 kmpl,2993 CC,255.0,5.0,13899.999999999998,0.09706999999999999
Maruti Dzire AMT ZDI Plus,Hyderabad,2017,28226,Diesel,Automatic,First,28.4 kmpl,1248 CC,73.75,5.0,1152.0,0.00915
Ford EcoSport 1.5 Diesel Titanium Plus,Chennai,2016,29200,Diesel,Manual,First,23.0 kmpl,1498 CC,98.96,5.0,1323.0,0.0077
Tata Zest Quadrajet 1.3 XT,Coimbatore,2018,38310,Diesel,Manual,First,20.65 kmpl,1248 CC,88.7,5.0,1006.0,0.006690000000000001
Skoda Rapid 1.5 TDI AT Style,Kolkata,2017,31300,Diesel,Automatic,First,21.72 kmpl,1498 CC,108.4,5.0,1534.0,0.0105
Toyota Innova Crysta 2.4 VX MT 8S,Coimbatore,2019,11241,Diesel,Manual,First,13.68 kmpl,2393 CC,147.8,8.0,2401.0,0.02255
Mahindra Thar CRDe,Jaipur,2016,19000,Diesel,Manual,First,16.55 kmpl,2498 CC,105.0,6.0,1139.0,0.00925
Ford Aspire Titanium Diesel,Coimbatore,2017,30279,Diesel,Manual,First,26.1 kmpl,1498 CC,99.0,5.0,978.9999999999999,0.00729
Mini Cooper 3 DOOR D,Mumbai,2016,20000,Diesel,Automatic,First,20.7 kmpl,1496 CC,113.98,4.0,3500.0,0.0235
Mahindra Verito 1.5 D4 BSIV,Pune,2015,90000,Diesel,Manual,Second,21.03 kmpl,1461 CC,65.0,5.0,926.0,0.0031
Volkswagen Ameo 1.2 MPI Highline,Coimbatore,2017,22389,Petrol,Manual,First,17.0 kmpl,1198 CC,73.75,5.0,868.0,0.00723
Land Rover Discovery Sport TD4 HSE 7S,Mumbai,2017,40000,Diesel,Automatic,First,12.81 kmpl,1999 CC,148.31,7.0,6639.0,0.0415
Volkswagen Tiguan 2.0 TDI Highline,Jaipur,2017,50510,Diesel,Automatic,First,17.06 kmpl,1968 CC,141.0,5.0,3645.0000000000005,0.0249
Audi Q7 45 TDI Quattro Premium Plus,Kochi,2019,6773,Diesel,Automatic,First,14.75 kmpl,2967 CC,245.0,7.0,9138.0,0.07293999999999999
Mahindra Bolero ZLX,Jaipur,2013,63000,Diesel,Manual,First,15.96 kmpl,2523 CC,62.1,7.0,1115.0,0.0055
BMW X1 M Sport sDrive 20d,Kochi,2017,32838,Diesel,Automatic,First,17.05 kmpl,1995 CC,190.0,5.0,5097.0,0.030289999999999997
Jaguar XE 2.0L Diesel Prestige,Hyderabad,2017,4000,Diesel,Automatic,First,13.6 kmpl,1999 CC,177.0,5.0,5341.0,0.038
Maruti Wagon R LXI,Delhi,2012,45631,Petrol,Manual,Second,22.5 kmpl,998 CC,67.04,5.0,459.0,0.0027400000000000002
Hyundai Grand i10 1.2 Kappa Magna,Delhi,2017,12248,Petrol,Manual,First,18.9 kmpl,1197 CC,81.86,5.0,654.0,0.004900000000000001
Maruti Alto K10 VXI,Coimbatore,2011,48624,Petrol,Manual,First,24.07 kmpl,998 CC,67.1,5.0,470.0,0.00322
BMW 5 Series 520d Luxury Line,Kochi,2018,32586,Diesel,Automatic,First,22.48 kmpl,1995 CC,190.0,5.0,6787.0,0.0373
Mercedes-Benz GLE 350d,Coimbatore,2018,40129,Diesel,Automatic,First,11.57 kmpl,2987 CC,254.79,5.0,9513.0,0.0708
Hyundai Grand i10 1.2 Kappa Sportz,Kochi,2018,10393,Petrol,Manual,First,18.9 kmpl,1197 CC,81.86,5.0,662.0,0.006030000000000001
Honda Amaze V CVT Petrol,Pune,2018,1700,Petrol,Automatic,First,19.0 kmpl,1199 CC,88.76,5.0,944.0,0.0078
Audi Q3 35 TDI Quattro Premium Plus,Coimbatore,2016,58661,Diesel,Automatic,First,15.17 kmpl,1968 CC,181.0,5.0,4864.0,0.028030000000000003
Mahindra Xylo D4,Hyderabad,2015,169000,Diesel,Manual,First,14.95 kmpl,2489 CC,93.7,7.0,1169.0,0.005
Maruti Ciaz Zeta,Mumbai,2017,5500,Petrol,Manual,First,21.56 kmpl,1462 CC,103.25,5.0,1111.0,0.008199999999999999
Maruti Wagon R LXI,Ahmedabad,2010,21002,Petrol,Manual,First,22.5 kmpl,998 CC,67.04,5.0,474.0,0.00275
Maruti Eeco 7 Seater Standard,Coimbatore,2017,28371,Petrol,Manual,First,15.1 kmpl,1196 CC,73.0,7.0,498.00000000000006,0.00474
Renault KWID Climber 1.0 MT,Delhi,2017,15000,Petrol,Manual,First,21.7 kmpl,999 CC,67.0,5.0,498.00000000000006,0.00425
Honda WRV i-VTEC VX,Kochi,2018,15135,Petrol,Manual,First,17.5 kmpl,1199 CC,88.7,5.0,1057.0,0.00929
Maruti Wagon R VXI AMT,Coimbatore,2017,37832,Petrol,Automatic,First,22.5 kmpl,998 CC,67.0,5.0,633.0,0.00523
Hyundai Grand i10 1.2 Kappa Asta,Coimbatore,2016,43041,Petrol,Manual,First,18.9 kmpl,1197 CC,81.86,5.0,810.0,0.00601
Hyundai Grand i10 1.2 Kappa Magna,Kolkata,2017,31184,Petrol,Manual,First,18.9 kmpl,1197 CC,81.86,5.0,640.0,0.005
Maruti Dzire AMT ZDI Plus,Pune,2017,41747,Diesel,Automatic,First,28.4 kmpl,1248 CC,73.75,5.0,1126.0,0.009
Toyota Etios Liva 1.2 VX Dual Tone,Coimbatore,2019,20877,Petrol,Manual,First,18.16 kmpl,1197 CC,78.9,5.0,759.0,0.0072699999999999996
Maruti Swift VXI,Mumbai,2016,23555,Petrol,Manual,First,22.0 kmpl,1197 CC,81.8,5.0,700.0,0.0050999999999999995
Volkswagen Polo GT TSI,Mumbai,2016,28000,Petrol,Automatic,First,17.21 kmpl,1197 CC,103.5,5.0,1126.0,0.00725
Tata Bolt Quadrajet XE,Hyderabad,2017,40000,Diesel,Manual,First,22.95 kmpl,1248 CC,74.0,5.0,743.0,0.00525
Hyundai Elantra 1.6 SX Option AT,Ahmedabad,2014,49000,Diesel,Automatic,First,18.23 kmpl,1582 CC,126.2,5.0,2243.0,0.0089
Jeep Compass 2.0 Limited Option Black,Mumbai,2017,7000,Diesel,Manual,First,17.1 kmpl,1956 CC,170.0,5.0,2402.0,0.01745
Toyota Corolla Altis 1.8 GL,Kochi,2012,83184,Petrol,Manual,First,14.28 kmpl,1798 CC,138.03,5.0,2169.0,0.00622
Mercedes-Benz GLE 350d,Coimbatore,2017,33552,Diesel,Automatic,First,11.57 kmpl,2987 CC,254.79,5.0,9513.0,0.06487000000000001
Mercedes-Benz A Class A180 Sport,Mumbai,2016,17000,Petrol,Automatic,First,15.5 kmpl,1595 CC,122.0,5.0,3463.0000000000005,0.01725
Hyundai Grand i10 1.2 Kappa Magna,Kochi,2018,46493,Petrol,Manual,First,18.9 kmpl,1197 CC,81.86,5.0,632.0,0.00553
BMW 3 Series 320d,Ahmedabad,2011,100000,Diesel,Automatic,Second,22.69 kmpl,1995 CC,190.0,5.0,4331.0,0.0109
Maruti Eeco 7 Seater Standard,Mumbai,2014,34669,Petrol,Manual,First,15.1 kmpl,1196 CC,73.0,7.0,471.0,0.0029
Toyota Innova Crysta 2.8 GX AT,Kochi,2019,10601,Diesel,Automatic,First,11.36 kmpl,2755 CC,171.5,7.0,2073.9999999999995,0.019649999999999997
Mercedes-Benz GLS 350d Grand Edition,Delhi,2018,6000,Diesel,Automatic,First,11.0 kmpl,2987 CC,258.0,7.0,10200.0,0.079
Hyundai Grand i10 1.2 Kappa Sportz,Delhi,2018,9434,Petrol,Manual,First,18.9 kmpl,1197 CC,81.86,5.0,671.0,0.00575
Volkswagen Ameo 1.2 MPI Highline,Coimbatore,2018,35569,Petrol,Manual,First,17.0 kmpl,1198 CC,73.75,5.0,868.0,0.0072699999999999996
Toyota Fortuner 2.8 2WD AT,Ahmedabad,2017,15000,Diesel,Automatic,First,12.9 kmpl,2755 CC,174.5,7.0,3445.0000000000005,0.03
Maruti Dzire VDI,Delhi,2016,45376,Diesel,Manual,First,28.4 kmpl,1248 CC,73.75,5.0,858.0,0.00575
Ford EcoSport 1.5 Diesel Titanium Plus,Kochi,2017,78526,Diesel,Manual,First,23.0 kmpl,1498 CC,98.96,5.0,1267.0,0.00809
BMW X1 sDrive 20d xLine,Coimbatore,2015,42265,Diesel,Automatic,Second,20.68 kmpl,1995 CC,190.0,5.0,4818.0,0.02224
Ford EcoSport 1.5 Diesel Titanium,Mumbai,2017,26000,Diesel,Manual,First,23.0 kmpl,1498 CC,98.96,5.0,1189.0,0.00899
Maruti Dzire ZDI Plus,Jaipur,2017,24000,Diesel,Manual,First,28.4 kmpl,1248 CC,73.75,5.0,1048.0,0.008199999999999999
Hyundai Verna VTVT 1.6 SX Option,Delhi,2013,57478,Petrol,Manual,Second,17.0 kmpl,1591 CC,121.3,5.0,1359.0,0.00525
Maruti Vitara Brezza ZDi,Hyderabad,2016,41372,Diesel,Manual,First,24.3 kmpl,1248 CC,88.5,5.0,1102.0,0.009300000000000001
Mercedes-Benz GLA Class 200 d Sport,Pune,2017,35000,Diesel,Automatic,First,17.9 kmpl,2143 CC,136.0,5.0,4194.0,0.0235
Maruti Dzire VDI,Mumbai,2012,74000,Diesel,Manual,Second,28.4 kmpl,1248 CC,73.75,5.0,894.0,0.00425
Jeep Compass 2.0 Longitude,Kochi,2018,28937,Diesel,Manual,First,17.1 kmpl,1956 CC,170.0,5.0,2138.0,0.01702
Toyota Corolla Altis 1.4 DG,Coimbatore,2013,63854,Diesel,Manual,First,21.43 kmpl,1364 CC,86.79,5.0,1927.0,0.0071200000000000005
Maruti Vitara Brezza ZDi Plus AMT Dual Tone,Chennai,2018,3000,Diesel,Automatic,First,24.3 kmpl,1248 CC,88.5,5.0,1288.0,0.01125
Hyundai Xcent 1.2 VTVT SX,Mumbai,2014,64241,Petrol,Manual,First,20.14 kmpl,1197 CC,81.86,5.0,827.0,0.00367
BMW X1 sDrive 20d xLine,Bangalore,2016,28143,Diesel,Automatic,First,20.68 kmpl,1995 CC,190.0,5.0,4818.0,0.0285
Toyota Innova Crysta 2.4 VX MT,Hyderabad,2017,67000,Diesel,Manual,First,13.68 kmpl,2393 CC,147.8,7.0,2287.0,0.0165
Hyundai Grand i10 1.2 Kappa Magna AT,Kochi,2018,5354,Petrol,Automatic,First,18.9 kmpl,1197 CC,81.86,5.0,737.0,0.0067599999999999995
Volkswagen Polo 1.0 MPI Comfortline,Chennai,2016,42000,Petrol,Manual,Second,18.78 kmpl,999 CC,75.0,5.0,733.0,0.0055
Maruti Eeco 7 Seater Standard,Coimbatore,2013,54885,Petrol,Manual,First,15.1 kmpl,1196 CC,73.0,7.0,498.00000000000006,0.00375
Toyota Innova Crysta 2.4 VX MT,Mumbai,2016,25121,Diesel,Manual,First,13.68 kmpl,2393 CC,147.8,7.0,2306.0,0.01711
Mahindra Bolero SLE,Hyderabad,2012,75000,Diesel,Manual,First,15.96 kmpl,2523 CC,62.1,7.0,1032.0,0.0043
Maruti Ignis 1.2 Alpha,Mumbai,2017,1000,Petrol,Manual,First,20.89 kmpl,1197 CC,81.8,5.0,787.0,0.00636
BMW 7 Series 730Ld Eminence,Kochi,2015,29966,Diesel,Automatic,Second,16.77 kmpl,2993 CC,261.49,5.0,14000.0,0.0436
Maruti Wagon R CNG LXI,Mumbai,2013,54000,CNG,Manual,First,33.54 km/kg,998 CC,67.04,5.0,558.0,0.0030499999999999998
Jeep Compass 2.0 Longitude,Coimbatore,2018,33218,Diesel,Manual,First,17.1 kmpl,1956 CC,170.0,5.0,2246.0,0.01905
Mini Cooper 5 DOOR D,Hyderabad,2017,2000,Diesel,Automatic,First,20.7 kmpl,1496 CC,113.98,5.0,4248.0,0.034
Tata Zest Revotron 1.2T XMS,Chennai,2015,40000,Petrol,Manual,First,17.57 kmpl,1193 CC,88.7,5.0,769.0,0.004
Ford Aspire Titanium Plus Diesel,Kolkata,2015,2800,Diesel,Manual,First,26.1 kmpl,1498 CC,99.0,5.0,940.0,0.00841
Hyundai Grand i10 1.2 Kappa Asta,Coimbatore,2016,37429,Petrol,Manual,First,18.9 kmpl,1197 CC,81.86,5.0,810.0,0.005889999999999999
Honda City i-VTEC V,Delhi,2011,67031,Petrol,Manual,First,17.4 kmpl,1497 CC,117.3,5.0,1185.0,0.004
Maruti Celerio VXI AMT,Mumbai,2016,47691,Petrol,Automatic,First,23.1 kmpl,998 CC,67.04,5.0,608.0,0.00394
Maruti Dzire VDI,Kolkata,2015,28193,Diesel,Manual,First,28.4 kmpl,1248 CC,73.75,5.0,836.0,0.00525
Mercedes-Benz SLC 43 AMG,Coimbatore,2019,2526,Petrol,Automatic,First,19.0 kmpl,2996 CC,362.07,2.0,10600.0,0.08395999999999999
Mercedes-Benz E-Class E 220 d,Hyderabad,2013,85000,Diesel,Automatic,First,16.1 kmpl,1950 CC,194.0,5.0,7115.000000000001,0.021
Hyundai Grand i10 1.2 Kappa Sportz,Ahmedabad,2015,20780,Petrol,Manual,First,18.9 kmpl,1197 CC,81.86,5.0,682.0,0.0043
Mercedes-Benz GLE 250d,Kochi,2017,25601,Diesel,Automatic,First,17.9 kmpl,2143 CC,201.15,5.0,7876.000000000001,0.056729999999999996
Ford Freestyle Titanium Petrol,Mumbai,2007,1261,Petrol,Manual,First,19.0 kmpl,1194 CC,94.68,5.0,811.9999999999999,0.006
Hyundai Elite i20 Asta Option,Coimbatore,2017,59450,Petrol,Manual,First,18.6 kmpl,1197 CC,81.86,5.0,977.9999999999999,0.00753
Maruti Baleno Delta,Mumbai,2016,12573,Petrol,Manual,First,21.4 kmpl,1197 CC,83.1,5.0,736.0,0.0058
Toyota Fortuner 2.8 2WD AT,Pune,2017,29000,Diesel,Automatic,First,12.9 kmpl,2755 CC,174.5,7.0,3811.0,0.031
Maruti Ertiga ZDI,Delhi,2013,68000,Diesel,Manual,First,25.47 kmpl,1248 CC,88.5,7.0,1175.0,0.004849999999999999
Maruti Swift VDI,Hyderabad,2013,84000,Diesel,Manual,First,28.4 kmpl,1248 CC,74.0,5.0,844.0,0.0056500000000000005
Hyundai Creta 1.6 SX Option,Delhi,2016,24347,Petrol,Manual,First,15.8 kmpl,1591 CC,121.3,5.0,1605.9999999999998,0.011
Honda City i-VTEC CVT VX,Mumbai,2017,17000,Petrol,Automatic,First,18.0 kmpl,1497 CC,117.3,5.0,1529.0,0.0116
Honda Brio 1.2 VX MT,Kochi,2014,41460,Petrol,Manual,First,18.5 kmpl,1198 CC,86.8,5.0,663.0,0.00395
Land Rover Discovery HSE Luxury 3.0 TD6,Mumbai,2017,35000,Diesel,Automatic,First,18.0 kmpl,2993 CC,255.0,7.0,12700.0,0.0416
Toyota Fortuner 2.8 4WD MT,Bangalore,2015,150386,Diesel,Manual,First,14.24 kmpl,2755 CC,174.5,7.0,3960.0,0.023
Maruti Vitara Brezza ZDi Plus,Ahmedabad,2017,80000,Diesel,Manual,First,24.3 kmpl,1248 CC,88.5,5.0,1091.0,0.008
Hyundai Tucson 2.0 Dual VTVT 2WD AT GL,Mumbai,2016,13000,Petrol,Automatic,First,12.95 kmpl,1999 CC,152.88,5.0,2575.0,0.01775
Maruti Wagon R VXI,Kolkata,2016,16956,Petrol,Manual,First,22.5 kmpl,998 CC,67.04,5.0,529.0,0.0036
Maruti Wagon R VXI,Mumbai,2010,38000,Petrol,Manual,Second,22.5 kmpl,998 CC,67.04,5.0,561.0,0.00175
Honda Brio 1.2 VX AT,Mumbai,2017,20000,Petrol,Automatic,First,16.5 kmpl,1198 CC,86.8,5.0,805.0000000000001,0.0059900000000000005
Toyota Etios Cross 1.4L GD,Kochi,2016,36681,Diesel,Manual,First,23.59 kmpl,1364 CC,67.06,5.0,882.0,0.00671
Honda City i-VTEC CVT ZX,Coimbatore,2018,20300,Petrol,Automatic,First,18.0 kmpl,1497 CC,117.3,5.0,1738.0,0.01421
Maruti Celerio ZXI MT,Kochi,2017,21799,Petrol,Manual,First,23.1 kmpl,998 CC,67.04,5.0,569.0,0.00511
Toyota Innova Crysta 2.8 ZX AT,Hyderabad,2017,35358,Diesel,Automatic,First,11.36 kmpl,2755 CC,171.5,7.0,2656.0,0.02299
Tata Tiago 1.2 Revotron XT,Jaipur,2016,42700,Petrol,Manual,First,23.84 kmpl,1199 CC,84.0,5.0,561.0,0.0036
Toyota Fortuner 2.8 4WD MT,Hyderabad,2010,110000,Diesel,Manual,First,14.24 kmpl,2755 CC,174.5,7.0,3751.0,0.013699999999999999
Maruti Wagon R VXI 1.2,Mumbai,2015,55000,Petrol,Manual,First,21.5 kmpl,1197 CC,81.8,5.0,588.0,0.0031
Honda City i-DTEC ZX,Hyderabad,2017,46000,Diesel,Manual,First,25.6 kmpl,1498 CC,98.6,5.0,1695.0,0.0129
BMW 5 Series 520d Luxury Line,Ahmedabad,2012,95000,Diesel,Automatic,Second,22.48 kmpl,1995 CC,190.0,5.0,6371.0,0.0175
Ford EcoSport 1.5 Diesel Titanium,Delhi,2017,39000,Diesel,Manual,First,23.0 kmpl,1498 CC,98.96,5.0,1147.0,0.00845
Toyota Fortuner 2.8 4WD MT,Mumbai,2010,140000,Diesel,Manual,First,14.24 kmpl,2755 CC,174.5,7.0,3746.0,0.01075
Maruti Swift VDI,Kochi,2016,62192,Diesel,Manual,First,28.4 kmpl,1248 CC,74.0,5.0,788.0,0.00522
Maruti Ciaz Alpha,Kochi,2018,38394,Petrol,Manual,First,21.56 kmpl,1462 CC,103.25,5.0,1137.0,0.009179999999999999
Hyundai Elantra 2.0 SX Option AT,Delhi,2016,28000,Petrol,Automatic,First,14.62 kmpl,1999 CC,149.92,5.0,2177.0,0.013900000000000001
Volkswagen Vento 1.5 TDI Trendline,Mumbai,2011,47000,Diesel,Manual,First,20.64 kmpl,1498 CC,108.5,5.0,1130.0,0.00325
Mercedes-Benz E-Class E 350 d,Coimbatore,2019,9312,Diesel,Automatic,First,18.0 kmpl,2987 CC,258.0,5.0,9250.0,0.0788
Hyundai Elantra 2.0 SX Option AT,Coimbatore,2015,58239,Petrol,Automatic,First,14.62 kmpl,1999 CC,149.92,5.0,2364.0,0.009689999999999999
Nissan Terrano XL D Option,Mumbai,2014,51000,Diesel,Manual,First,19.87 kmpl,1461 CC,83.14,5.0,1506.0,0.0056500000000000005
Toyota Fortuner 2.8 2WD AT,Ahmedabad,2016,88008,Diesel,Automatic,Second,12.9 kmpl,2755 CC,174.5,7.0,3445.0000000000005,0.0225
Mercedes-Benz GLA Class 200 d Sport,Mumbai,2018,10000,Diesel,Automatic,First,17.9 kmpl,2143 CC,136.0,5.0,4194.0,0.0289
Mini Cooper Convertible S,Chennai,2012,17000,Petrol,Automatic,Second,16.82 kmpl,1998 CC,189.08,4.0,4428.0,0.022
Mini Cooper 3 DOOR S,Mumbai,2013,21000,Petrol,Automatic,First,17.44 kmpl,1998 CC,189.08,4.0,3957.0,0.0215
Maruti Wagon R CNG LXI,Pune,2014,29202,CNG,Manual,First,33.54 km/kg,998 CC,67.04,5.0,554.0,0.0039
Skoda Rapid 1.6 MPI AT Ambition,Mumbai,2017,32000,Petrol,Automatic,First,14.84 kmpl,1598 CC,103.52,5.0,1370.0,0.00811
Maruti Ertiga VDI,Delhi,2017,65000,Diesel,Manual,First,25.47 kmpl,1248 CC,88.5,7.0,1116.0,0.0076500000000000005
Ford EcoSport 1.5 Petrol Trend,Kolkata,2016,21460,Petrol,Manual,First,17.0 kmpl,1497 CC,121.36,5.0,947.0000000000001,0.006
Honda Jazz V CVT,Hyderabad,2015,33000,Petrol,Automatic,First,19.0 kmpl,1199 CC,88.7,5.0,1017.0,0.00725
Maruti Vitara Brezza ZDi Plus,Jaipur,2017,48324,Diesel,Manual,First,24.3 kmpl,1248 CC,88.5,5.0,1147.0,0.009
Hyundai Grand i10 1.2 CRDi Sportz,Kochi,2017,20773,Diesel,Manual,First,24.0 kmpl,1186 CC,73.97,5.0,817.0,0.00592
Volkswagen Polo 1.5 TDI Highline,Kolkata,2016,22000,Diesel,Manual,First,20.14 kmpl,1498 CC,88.0,5.0,958.0,0.0062900000000000005
BMW 3 Series 320d,Mumbai,2013,25000,Diesel,Automatic,First,22.69 kmpl,1995 CC,190.0,5.0,4787.0,0.01799
Mahindra Xylo H4,Chennai,2015,82000,Diesel,Manual,Second,14.02 kmpl,2179 CC,118.3,7.0,1167.0,0.004849999999999999
Maruti Dzire VDI,Hyderabad,2011,110000,Diesel,Manual,First,28.4 kmpl,1248 CC,73.75,5.0,914.0,0.004
Volkswagen Polo 1.5 TDI Highline,Delhi,2012,68038,Diesel,Manual,First,20.14 kmpl,1498 CC,88.0,5.0,996.0000000000001,0.0036
BMW 5 Series 520d Luxury Line,Ahmedabad,2013,55000,Diesel,Automatic,First,22.48 kmpl,1995 CC,190.0,5.0,6371.0,0.02175
Mercedes-Benz GLC 220d 4MATIC Sport,Mumbai,2017,25000,Diesel,Automatic,First,17.9 kmpl,2143 CC,170.0,5.0,6414.0,0.045
Maruti Alto K10 VXI,Coimbatore,2011,46808,Petrol,Manual,Second,24.07 kmpl,998 CC,67.1,5.0,470.0,0.00319
Hyundai Xcent 1.2 VTVT S,Coimbatore,2015,65743,Petrol,Manual,First,20.14 kmpl,1197 CC,81.86,5.0,785.0,0.0062
Hyundai Creta 1.6 SX Option,Mumbai,2016,29477,Petrol,Manual,First,15.8 kmpl,1591 CC,121.3,5.0,1636.0,0.01025
Toyota Fortuner 2.8 2WD AT,Delhi,2017,40000,Diesel,Automatic,First,12.9 kmpl,2755 CC,174.5,7.0,3738.0000000000005,0.03
Ford EcoSport 1.5 Diesel Titanium,Mumbai,2017,30000,Diesel,Manual,First,23.0 kmpl,1498 CC,98.96,5.0,1189.0,0.00899
Tata Zest Revotron 1.2T XE,Delhi,2017,47000,Petrol,Manual,Second,17.57 kmpl,1193 CC,88.7,5.0,662.0,0.0045
Maruti Vitara Brezza ZDi Plus Dual Tone,Kochi,2017,45362,Diesel,Manual,First,24.3 kmpl,1248 CC,88.5,5.0,1175.0,0.009380000000000001
Tata Hexa XTA,Coimbatore,2019,14233,Diesel,Automatic,First,17.6 kmpl,2179 CC,153.86,7.0,2274.0,0.01785
Skoda Superb Style 1.8 TSI AT,Mumbai,2010,62004,Petrol,Automatic,Second,14.67 kmpl,1798 CC,177.46,5.0,3336.0,0.00375
Volkswagen Vento 1.5 TDI Highline AT,Mumbai,2016,25500,Diesel,Automatic,First,21.5 kmpl,1498 CC,108.5,5.0,1586.0,0.00895
Mercedes-Benz E-Class E 220 d,Mumbai,2018,11000,Diesel,Automatic,First,16.1 kmpl,1950 CC,194.0,5.0,7055.0,0.0565
BMW 3 Series 320d Luxury Line,Mumbai,2014,18600,Diesel,Automatic,Second,22.69 kmpl,1995 CC,190.0,5.0,5443.0,0.021
Land Rover Discovery SE 3.0 TD6,Delhi,2016,59000,Diesel,Automatic,First,18.0 kmpl,2993 CC,255.0,7.0,11299.999999999998,0.03675
Mercedes-Benz CLA 200 CDI Sport,Coimbatore,2017,20969,Diesel,Automatic,First,17.9 kmpl,2143 CC,136.0,5.0,4536.0,0.027870000000000002
Maruti Vitara Brezza ZDi,Kolkata,2018,2900,Diesel,Manual,First,24.3 kmpl,1248 CC,88.5,5.0,1013.0000000000001,0.00875
Skoda Rapid 1.5 TDI Ambition,Coimbatore,2018,5833,Diesel,Manual,First,21.13 kmpl,1498 CC,108.4,5.0,1422.0,0.01192
Mahindra NuvoSport N8,Coimbatore,2017,37712,Diesel,Manual,First,17.45 kmpl,1493 CC,100.0,7.0,1177.0,0.00757
Datsun redi-GO T Option,Kochi,2018,30953,Petrol,Manual,First,22.7 kmpl,799 CC,53.64,5.0,405.0,0.00348
Jeep Compass 2.0 Limited 4X4,Coimbatore,2018,48188,Diesel,Manual,First,16.3 kmpl,1956 CC,170.0,5.0,2695.0,0.02169
Toyota Innova Crysta 2.8 ZX AT,Coimbatore,2017,65367,Diesel,Automatic,First,11.36 kmpl,2755 CC,171.5,7.0,2805.0,0.02014
Maruti Wagon R VXI AMT,Mumbai,2016,8000,Petrol,Automatic,First,22.5 kmpl,998 CC,67.0,5.0,614.0,0.00415
Maruti Alto K10 VXI,Mumbai,2016,13198,Petrol,Manual,First,24.07 kmpl,998 CC,67.1,5.0,482.0,0.00315
Tata Tiago AMT 1.2 Revotron XZA,Coimbatore,2019,15379,Petrol,Automatic,First,23.84 kmpl,1199 CC,83.83,5.0,717.0,0.00697
Mini Cooper Convertible S,Mumbai,2016,15000,Petrol,Automatic,First,16.82 kmpl,1998 CC,189.08,4.0,4428.0,0.035
Hyundai Verna CRDi 1.6 SX Option,Pune,2017,50000,Diesel,Manual,First,22.0 kmpl,1582 CC,126.2,5.0,1572.0,0.0115
Renault Duster 85PS Diesel RxE,Pune,2016,54000,Diesel,Manual,First,19.87 kmpl,1461 CC,83.8,5.0,1127.0,0.0065
Honda BRV i-VTEC V MT,Pune,2016,9200,Petrol,Manual,First,15.4 kmpl,1497 CC,117.3,7.0,1358.0,0.008
Honda Amaze S Diesel,Hyderabad,2015,29000,Diesel,Manual,First,27.4 kmpl,1498 CC,98.6,5.0,909.0,0.0059900000000000005
Maruti Alto K10 VXI,Kochi,2018,46805,Petrol,Manual,First,24.07 kmpl,998 CC,67.1,5.0,409.0,0.00363
Tata Zest Revotron 1.2T XE,Mumbai,2017,100000,Petrol,Manual,First,17.57 kmpl,1193 CC,88.7,5.0,683.0,0.00425
Maruti Wagon R LXI,Kochi,2011,15466,Petrol,Manual,First,22.5 kmpl,998 CC,67.04,5.0,504.0,0.0033599999999999997
BMW 3 Series 320d,Kolkata,2011,70000,Diesel,Automatic,First,22.69 kmpl,1995 CC,190.0,5.0,4381.0,0.0103
Maruti Wagon R VXI,Kochi,2014,41994,Petrol,Manual,First,22.5 kmpl,998 CC,67.04,5.0,512.0,0.0034100000000000003
Audi Q3 35 TDI Quattro Premium Plus,Bangalore,2015,51000,Diesel,Automatic,First,15.17 kmpl,1968 CC,181.0,5.0,4864.0,0.0275
Maruti Wagon R VXI 1.2,Jaipur,2015,64876,Petrol,Manual,First,21.5 kmpl,1197 CC,81.8,5.0,571.0,0.0035
Maruti Celerio CNG VXI MT,Kochi,2016,70536,CNG,Manual,First,31.79 km/kg,998 CC,58.33,5.0,587.0,0.00458
Maruti Vitara Brezza ZDi Plus Dual Tone,Coimbatore,2017,25299,Diesel,Manual,First,24.3 kmpl,1248 CC,88.5,5.0,1256.0,0.01034
Honda Amaze V Petrol,Kochi,2016,40866,Petrol,Manual,First,19.5 kmpl,1199 CC,86.76,5.0,816.0,0.00547
Mini Cooper Convertible S,Kochi,2017,20469,Petrol,Automatic,First,16.82 kmpl,1998 CC,189.08,4.0,4428.0,0.03598
Volkswagen Ameo 1.5 TDI Highline,Kochi,2018,31426,Diesel,Manual,First,21.66 kmpl,1498 CC,108.62,5.0,972.0000000000001,0.0079
Maruti Baleno Alpha CVT,Kochi,2019,13574,Petrol,Automatic,First,21.4 kmpl,1197 CC,83.1,5.0,1030.0000000000002,0.00951
BMW 5 Series 520d Luxury Line,Ahmedabad,2013,90000,Diesel,Automatic,First,22.48 kmpl,1995 CC,190.0,5.0,6371.0,0.0195
Maruti Vitara Brezza ZDi Plus,Kochi,2017,38426,Diesel,Manual,First,24.3 kmpl,1248 CC,88.5,5.0,1112.0,0.009130000000000001
Maruti Eeco 7 Seater Standard,Pune,2011,45000,Petrol,Manual,First,15.1 kmpl,1196 CC,73.0,7.0,469.00000000000006,0.00225
Maruti Wagon R LXI,Mumbai,2010,37822,Petrol,Manual,First,22.5 kmpl,998 CC,67.04,5.0,504.0,0.00235
Toyota Innova Crysta 2.4 VX MT 8S,Coimbatore,2017,72202,Diesel,Manual,First,13.68 kmpl,2393 CC,147.8,8.0,2401.0,0.017920000000000002
Mercedes-Benz GLE 350d,Coimbatore,2018,30706,Diesel,Automatic,First,11.57 kmpl,2987 CC,254.79,5.0,9513.0,0.05929
Maruti Baleno Alpha,Mumbai,2016,12208,Petrol,Manual,First,21.4 kmpl,1197 CC,83.1,5.0,877.9999999999999,0.00675
Volkswagen Polo GT TSI,Mumbai,2017,27853,Petrol,Automatic,First,17.21 kmpl,1197 CC,103.5,5.0,1126.0,0.00825
Hyundai Grand i10 1.2 Kappa Sportz,Kochi,2018,20689,Petrol,Manual,First,18.9 kmpl,1197 CC,81.86,5.0,668.0,0.00607
Renault KWID 1.0 RXT Optional AMT,Coimbatore,2017,53285,Petrol,Automatic,First,22.5 kmpl,999 CC,67.0,5.0,542.0,0.00428
Mercedes-Benz GLE 350d,Mumbai,2017,19863,Diesel,Automatic,First,11.57 kmpl,2987 CC,254.79,5.0,9123.0,0.06495000000000001
Hyundai Grand i10 1.2 Kappa Sportz,Mumbai,2018,3958,Petrol,Manual,First,18.9 kmpl,1197 CC,81.86,5.0,714.0,0.00555
BMW X3 xDrive 20d Luxury Line,Hyderabad,2009,58000,Diesel,Automatic,First,18.56 kmpl,1995 CC,190.0,5.0,6959.0,0.01798
Renault KWID 1.0 RXT Optional,Kochi,2018,18335,Petrol,Manual,First,21.7 kmpl,999 CC,67.0,5.0,461.00000000000006,0.0045
Volkswagen Polo GT TSI,Mumbai,2017,25000,Petrol,Automatic,First,17.21 kmpl,1197 CC,103.5,5.0,1126.0,0.00775
Toyota Fortuner 2.8 2WD AT,Kochi,2019,21719,Diesel,Automatic,First,12.9 kmpl,2755 CC,174.5,7.0,3738.0000000000005,0.03313
Renault KWID Climber 1.0 MT,Hyderabad,2018,4126,Petrol,Manual,First,21.7 kmpl,999 CC,67.0,5.0,530.0,0.0048
Tata Bolt Quadrajet XM,Hyderabad,2017,98500,Diesel,Manual,First,22.95 kmpl,1248 CC,74.0,5.0,797.0,0.006
BMW 3 Series 320d,Coimbatore,2009,103905,Diesel,Automatic,First,22.69 kmpl,1995 CC,190.0,5.0,4331.0,0.00992
Audi A6 35 TDI Matrix,Delhi,2014,56000,Diesel,Automatic,First,18.53 kmpl,1968 CC,187.74,5.0,5938.0,0.024
Volkswagen Vento 1.5 TDI Highline AT,Kochi,2017,33550,Diesel,Automatic,First,21.5 kmpl,1498 CC,108.5,5.0,1586.0,0.0096
Audi A6 35 TDI Matrix,Hyderabad,2014,62000,Diesel,Automatic,First,18.53 kmpl,1968 CC,187.74,5.0,6709.999999999999,0.025
Ford EcoSport 1.5 Petrol Titanium Plus AT,Coimbatore,2018,27852,Petrol,Automatic,First,14.8 kmpl,1497 CC,121.36,5.0,1410.0,0.01044
Tata Nexon 1.5 Revotorq XZ Plus Dual Tone,Mumbai,2018,14000,Diesel,Manual,First,21.5 kmpl,1497 CC,108.5,5.0,1222.0,0.0099
Isuzu MUX 4WD,Jaipur,2017,34429,Diesel,Automatic,First,13.8 kmpl,2999 CC,174.57,7.0,3368.0,0.02
Toyota Corolla Altis 1.4 DG,Ahmedabad,2012,52100,Diesel,Manual,First,21.43 kmpl,1364 CC,86.79,5.0,1927.0,0.0065
Hyundai Grand i10 1.2 Kappa Sportz,Jaipur,2018,10000,Petrol,Manual,First,18.9 kmpl,1197 CC,81.86,5.0,696.0,0.005849999999999999
Jeep Compass 2.0 Limited 4X4,Coimbatore,2019,6261,Diesel,Manual,First,16.3 kmpl,1956 CC,170.0,5.0,2695.0,0.02391
Maruti Ignis 1.2 AMT Alpha,Coimbatore,2019,3906,Petrol,Automatic,First,20.89 kmpl,1197 CC,81.8,5.0,796.0,0.00736
Toyota Innova Crysta 2.4 VX MT,Mumbai,2017,38000,Diesel,Manual,First,13.68 kmpl,2393 CC,147.8,7.0,2306.0,0.01765
Toyota Platinum Etios 1.4 GXD,Hyderabad,2015,150000,Diesel,Manual,First,23.59 kmpl,1364 CC,67.05,5.0,958.0,0.006
Toyota Innova Crysta 2.8 GX AT 8S,Delhi,2017,18000,Diesel,Automatic,First,11.36 kmpl,2755 CC,171.5,8.0,2080.0,0.01825
Nissan Micra Active XV,Ahmedabad,2016,41000,Petrol,Manual,First,19.69 kmpl,1198 CC,67.04,5.0,678.0,0.00425
Jeep Compass 2.0 Sport,Hyderabad,2017,37000,Diesel,Manual,First,17.1 kmpl,1956 CC,170.0,5.0,1991.0,0.0169
Tata Zest Quadrajet 1.3 75PS XM,Pune,2017,72000,Diesel,Manual,First,22.95 kmpl,1248 CC,74.0,5.0,893.0,0.005
Maruti Dzire VXI,Hyderabad,2013,34900,Petrol,Manual,First,22.0 kmpl,1197 CC,81.8,5.0,797.0,0.00549
Maruti Wagon R LXI,Mumbai,2014,25422,Petrol,Manual,First,22.5 kmpl,998 CC,67.04,5.0,504.0,0.00325
Maruti Ertiga VDI,Mumbai,2018,14000,Diesel,Manual,First,25.47 kmpl,1248 CC,88.5,7.0,1166.0,0.00925
Mahindra KUV 100 G80 K6 Plus 5Str,Kolkata,2017,43000,Petrol,Manual,First,18.15 kmpl,1198 CC,82.0,5.0,735.0,0.0045
Maruti Swift VXI,Pune,2010,68000,Petrol,Manual,First,22.0 kmpl,1197 CC,81.8,5.0,699.0,0.0028
Jeep Compass 2.0 Limited,Pune,2018,16039,Diesel,Manual,First,17.1 kmpl,1956 CC,170.0,5.0,2389.0,0.0185
Maruti Swift LDI,Hyderabad,2016,52000,Diesel,Manual,First,28.4 kmpl,1248 CC,74.0,5.0,727.0,0.00595
Maruti Swift VDI,Kochi,2015,53500,Diesel,Manual,First,28.4 kmpl,1248 CC,74.0,5.0,788.0,0.00536
Hyundai Xcent 1.2 CRDi S,Mumbai,2016,50000,Diesel,Manual,First,25.4 kmpl,1186 CC,73.97,5.0,884.0,0.0035
BMW 3 Series 320d Luxury Line,Delhi,2019,87000,Diesel,Automatic,First,22.69 kmpl,1995 CC,190.0,5.0,5246.0,0.00667
Mahindra Xylo H4,Coimbatore,2016,93166,Diesel,Manual,Second,14.02 kmpl,2179 CC,118.3,7.0,1167.0,0.005849999999999999
Toyota Corolla Altis 1.8 VL CVT,Kolkata,2018,5000,Petrol,Automatic,First,14.28 kmpl,1798 CC,138.03,5.0,2237.0,0.01695
Skoda Rapid 1.6 MPI Ambition,Mumbai,2015,39822,Petrol,Manual,First,15.41 kmpl,1598 CC,103.52,5.0,1202.0,0.00468
Renault KWID RXL,Kochi,2017,24214,Petrol,Manual,Second,25.17 kmpl,799 CC,53.3,5.0,395.0,0.00346
BMW 3 Series 320d,Coimbatore,2013,85846,Diesel,Automatic,First,22.69 kmpl,1995 CC,190.0,5.0,4879.0,0.01308
Maruti Alto K10 LXI CNG Optional,Kochi,2018,44202,CNG,Manual,First,32.26 km/kg,998 CC,58.2,4.0,466.0,0.004
Maruti Vitara Brezza ZDi Plus Dual Tone,Kochi,2017,35981,Diesel,Manual,First,24.3 kmpl,1248 CC,88.5,5.0,1129.0,0.00951
Maruti Wagon R CNG LXI,Delhi,2014,74663,CNG,Manual,First,33.54 km/kg,998 CC,67.04,5.0,535.0,0.00325
Porsche Cayenne Base,Kochi,2019,14298,Petrol,Automatic,First,13.33 kmpl,2995 CC,340.0,5.0,13600.000000000002,0.00202
Honda Brio 1.2 S MT,Mumbai,2015,22000,Petrol,Manual,First,18.5 kmpl,1198 CC,86.8,5.0,623.0,0.00395
Hyundai Grand i10 1.2 Kappa Magna AT,Coimbatore,2019,12153,Petrol,Automatic,First,18.9 kmpl,1197 CC,81.86,5.0,798.0,0.00684
Audi A4 30 TFSI Premium Plus,Kochi,2017,61221,Petrol,Automatic,First,17.84 kmpl,1395 CC,147.51,5.0,4716.0,0.02173
Mini Cooper 5 DOOR D,Kochi,2019,14857,Diesel,Automatic,First,20.7 kmpl,1496 CC,113.98,5.0,4198.0,0.03155
Ford Endeavour Titanium 4X2,Coimbatore,2019,14648,Diesel,Manual,First,12.62 kmpl,2198 CC,158.0,7.0,3529.0,0.02736
Tata Zest Revotron 1.2T XM,Kochi,2017,48198,Petrol,Manual,First,17.57 kmpl,1193 CC,88.7,5.0,763.0,0.0046500000000000005
Maruti Dzire LDI,Pune,2012,150000,Diesel,Manual,Third,28.4 kmpl,1248 CC,73.75,5.0,791.0,0.00225
Maruti Eeco CNG 5 Seater AC,Ahmedabad,2015,47001,CNG,Manual,First,20.0 km/kg,1196 CC,63.0,5.0,536.0,0.00372
Maruti Wagon R VXI,Chennai,2014,52000,Petrol,Manual,First,22.5 kmpl,998 CC,67.04,5.0,551.0,0.0034500000000000004
Hyundai Grand i10 1.2 Kappa Asta,Coimbatore,2017,62788,Petrol,Manual,First,18.9 kmpl,1197 CC,81.86,5.0,810.0,0.00608
Toyota Innova Crysta 2.8 GX AT,Pune,2018,20300,Diesel,Automatic,First,11.36 kmpl,2755 CC,171.5,7.0,2097.0,0.018
Mini Cooper 3 DOOR D,Kochi,2015,27641,Diesel,Automatic,Second,20.7 kmpl,1496 CC,113.98,4.0,3489.0,0.02477
Mahindra XUV500 W7,Delhi,2018,9000,Diesel,Manual,First,14.0 kmpl,2179 CC,155.0,7.0,1639.9999999999998,0.013
BMW 7 Series 730Ld Design Pure Excellence CBU,Kolkata,2012,41100,Diesel,Automatic,First,16.77 kmpl,2993 CC,261.49,5.0,16600.0,0.0265
Honda City i-VTEC CVT VX,Mumbai,2015,19000,Petrol,Automatic,First,18.0 kmpl,1497 CC,117.3,5.0,1529.0,0.00895
Honda City i-VTEC CVT VX,Jaipur,2017,35000,Petrol,Automatic,First,18.0 kmpl,1497 CC,117.3,5.0,1467.0,0.0077
Honda City i-VTEC V,Mumbai,2017,11000,Petrol,Manual,First,17.4 kmpl,1497 CC,117.3,5.0,1257.0,0.0085
Nissan Micra XV D,Chennai,2012,93450,Diesel,Manual,Second,23.19 kmpl,1461 CC,63.12,5.0,948.0,0.0025
Maruti Dzire ZDI,Ahmedabad,2013,56454,Diesel,Manual,First,28.4 kmpl,1248 CC,73.75,5.0,894.9999999999999,0.0046500000000000005
Jeep Compass 2.0 Limited Option 4X4,Kolkata,2017,15050,Diesel,Manual,First,16.3 kmpl,1956 CC,170.0,5.0,2319.0,0.0175
Ford Freestyle Titanium Plus Petrol,Kolkata,2018,8896,Petrol,Manual,First,19.0 kmpl,1194 CC,94.68,5.0,824.0,0.00734
Honda Jazz V,Mumbai,2016,31378,Petrol,Manual,First,18.2 kmpl,1199 CC,88.7,5.0,871.0000000000001,0.005900000000000001
Audi Q3 30 TDI Premium FWD,Mumbai,2017,31000,Diesel,Automatic,First,18.51 kmpl,1968 CC,147.51,5.0,4475.0,0.027
Mercedes-Benz E-Class E400 Cabriolet,Kolkata,2015,7501,Petrol,Automatic,First,10.0 kmpl,2996 CC,333.0,4.0,8757.0,0.048
Mercedes-Benz GLE 350d,Coimbatore,2018,29277,Diesel,Automatic,First,11.57 kmpl,2987 CC,254.79,5.0,9513.0,0.05965
Maruti Baleno Delta CVT,Coimbatore,2018,34630,Petrol,Automatic,First,21.4 kmpl,1197 CC,83.1,5.0,857.0,0.00729
Mini Cooper 3 DOOR D,Kochi,2016,32298,Diesel,Automatic,First,20.7 kmpl,1496 CC,113.98,4.0,3500.0,0.0238
Ford Aspire Ambiente Diesel,Kolkata,2018,17000,Diesel,Manual,First,26.1 kmpl,1498 CC,99.0,5.0,756.0,0.0056500000000000005
Mercedes-Benz CLA 200 CDI Sport,Kochi,2019,29836,Diesel,Automatic,First,17.9 kmpl,2143 CC,136.0,5.0,4307.0,0.02575
Toyota Etios Liva 1.4 GD,Delhi,2013,84000,Diesel,Manual,First,23.59 kmpl,1364 CC,67.04,5.0,783.0,0.00385
Maruti Celerio VXI AMT,Chennai,2015,55000,Petrol,Automatic,First,23.1 kmpl,998 CC,67.04,5.0,600.0,0.0035
Honda City i-VTEC VX,Mumbai,2017,7500,Petrol,Manual,First,17.4 kmpl,1497 CC,117.3,5.0,1376.0,0.01115
Renault Duster 110PS Diesel RxZ AMT,Jaipur,2016,68163,Diesel,Automatic,First,19.6 kmpl,1461 CC,108.45,5.0,1411.0,0.0089
Maruti Vitara Brezza LDi,Kochi,2017,35384,Diesel,Manual,First,24.3 kmpl,1248 CC,88.5,5.0,911.9999999999999,0.00861
Ford EcoSport 1.5 Diesel Titanium,Coimbatore,2018,32189,Diesel,Manual,First,23.0 kmpl,1498 CC,98.96,5.0,1120.0,0.00925
BMW 3 Series 320d,Mumbai,2010,67000,Diesel,Automatic,Second,22.69 kmpl,1995 CC,190.0,5.0,4787.0,0.00925
Maruti Vitara Brezza ZDi Plus,Coimbatore,2018,52380,Diesel,Manual,First,24.3 kmpl,1248 CC,88.5,5.0,1247.0,0.010150000000000001
Toyota Etios Liva 1.2 G,Chennai,2011,42000,Petrol,Manual,Second,17.71 kmpl,1197 CC,78.9,5.0,651.0,0.00375
Honda WRV i-VTEC VX,Ahmedabad,2017,32248,Petrol,Manual,First,17.5 kmpl,1199 CC,88.7,5.0,1032.0,0.00825
Hyundai Grand i10 1.2 Kappa Asta,Bangalore,2014,61325,Petrol,Manual,First,18.9 kmpl,1197 CC,81.86,5.0,810.0,0.0044
Honda Amaze S Petrol,Jaipur,2014,69000,Petrol,Manual,First,19.5 kmpl,1199 CC,88.76,5.0,752.0,0.0045
Volkswagen Vento 1.5 TDI Highline AT,Hyderabad,2016,45492,Diesel,Automatic,First,21.5 kmpl,1498 CC,108.5,5.0,1568.0,0.0103
Hyundai Grand i10 1.2 Kappa Sportz,Coimbatore,2014,33496,Petrol,Manual,First,18.9 kmpl,1197 CC,81.86,5.0,745.0,0.0055
BMW 5 Series 520d Luxury Line,Delhi,2013,65000,Diesel,Automatic,First,22.48 kmpl,1995 CC,190.0,5.0,6787.0,0.02126
Toyota Corolla Altis 1.8 G,Bangalore,2016,16471,Petrol,Manual,Second,14.28 kmpl,1798 CC,138.03,5.0,2048.0,0.0115
Honda City i-VTEC CVT VX,Pune,2018,4500,Petrol,Automatic,First,18.0 kmpl,1497 CC,117.3,5.0,1517.0,0.0125
Renault Duster 110PS Diesel RxZ AMT,Coimbatore,2017,42646,Diesel,Automatic,First,19.6 kmpl,1461 CC,108.45,5.0,1505.0,0.01246
Maruti Swift VDI,Jaipur,2015,63310,Diesel,Manual,First,28.4 kmpl,1248 CC,74.0,5.0,813.0000000000001,0.0050999999999999995
Honda Jazz V,Hyderabad,2015,37000,Petrol,Manual,First,18.2 kmpl,1199 CC,88.7,5.0,878.9999999999999,0.0063
Nissan Terrano XL D Option,Hyderabad,2013,65280,Diesel,Manual,First,19.87 kmpl,1461 CC,83.14,5.0,1472.0,0.0058
Jeep Compass 2.0 Limited Option 4X4,Jaipur,2017,45000,Diesel,Manual,First,16.3 kmpl,1956 CC,170.0,5.0,2554.0,0.02
Honda City i-DTEC ZX,Pune,2017,42000,Diesel,Manual,First,25.6 kmpl,1498 CC,98.6,5.0,1684.0,0.012
Hyundai Grand i10 1.2 CRDi Sportz,Chennai,2018,48000,Diesel,Manual,First,24.0 kmpl,1186 CC,73.97,5.0,827.9999999999999,0.00595
Toyota Innova Crysta 2.4 VX MT,Coimbatore,2019,33598,Diesel,Manual,First,13.68 kmpl,2393 CC,147.8,7.0,2394.0,0.0222
Mercedes-Benz CLA 200 CDI Sport,Kochi,2019,13414,Diesel,Automatic,First,17.9 kmpl,2143 CC,136.0,5.0,4307.0,0.03077
Mahindra KUV 100 G80 K8,Jaipur,2018,15900,Petrol,Manual,First,18.15 kmpl,1198 CC,82.0,6.0,788.0,0.00625
Audi A6 35 TDI Matrix,Coimbatore,2017,36824,Diesel,Automatic,First,18.53 kmpl,1968 CC,187.74,5.0,6937.0,0.03984
Maruti Baleno Zeta CVT,Kolkata,2016,20000,Petrol,Automatic,First,21.4 kmpl,1197 CC,83.1,5.0,903.9999999999999,0.00574
BMW 3 Series Luxury Line,Ahmedabad,2016,27000,Diesel,Automatic,First,21.76 kmpl,1995 CC,190.0,5.0,5507.0,0.035
Maruti Dzire AMT ZDI Plus,Chennai,2017,19000,Diesel,Automatic,First,28.4 kmpl,1248 CC,73.75,5.0,1097.0,0.0089
Jeep Compass 2.0 Longitude,Kochi,2018,42203,Diesel,Manual,First,17.1 kmpl,1956 CC,170.0,5.0,2172.0,0.01946
Tata Nexon 1.5 Revotorq XZ Plus Dual Tone,Kolkata,2018,4900,Diesel,Manual,First,21.5 kmpl,1497 CC,108.5,5.0,1147.0,0.00922
Renault KWID RXT Optional,Pune,2018,5000,Petrol,Manual,First,25.17 kmpl,799 CC,53.3,5.0,490.00000000000006,0.0035
Toyota Fortuner 2.8 4WD MT,Kochi,2011,169006,Diesel,Manual,First,14.24 kmpl,2755 CC,174.5,7.0,3669.0,0.01064
Honda Jazz V CVT,Mumbai,2017,17978,Petrol,Automatic,First,19.0 kmpl,1199 CC,88.7,5.0,1010.0,0.0069500000000000004
Maruti S-Cross Alpha DDiS 200 SH,Kolkata,2016,45296,Diesel,Manual,First,25.1 kmpl,1248 CC,88.5,5.0,1253.0,0.0069900000000000006
Tata Hexa XT,Pune,2017,39800,Diesel,Manual,First,17.6 kmpl,2179 CC,153.86,7.0,2087.0,0.01425
Maruti Eeco 7 Seater Standard,Coimbatore,2016,42225,Petrol,Manual,First,15.1 kmpl,1196 CC,73.0,7.0,498.00000000000006,0.0043
Maruti Ignis 1.2 Delta,Kochi,2019,12076,Petrol,Manual,First,20.89 kmpl,1197 CC,81.8,5.0,590.0,0.0055
Volkswagen Polo GT TSI,Coimbatore,2017,50534,Petrol,Automatic,First,17.21 kmpl,1197 CC,103.5,5.0,1166.0,0.00827
BMW 5 Series 520d Luxury Line,Ahmedabad,2010,46000,Diesel,Automatic,First,22.48 kmpl,1995 CC,190.0,5.0,6371.0,0.0165
Mercedes-Benz GLC 220d 4MATIC Style,Coimbatore,2019,29311,Diesel,Automatic,First,17.9 kmpl,2143 CC,170.0,5.0,6456.999999999999,0.05097
BMW 3 Series Luxury Line,Mumbai,2016,31000,Diesel,Automatic,First,21.76 kmpl,1995 CC,190.0,5.0,6088.0,0.02995
Ford EcoSport 1.5 Petrol Titanium Plus AT,Pune,2017,14000,Petrol,Automatic,First,14.8 kmpl,1497 CC,121.36,5.0,1323.0,0.00999
Maruti Vitara Brezza ZDi Plus Dual Tone,Ahmedabad,2017,33000,Diesel,Manual,First,24.3 kmpl,1248 CC,88.5,5.0,1106.0,0.00925
Nissan Terrano XV D Pre,Mumbai,2013,60000,Diesel,Manual,Second,19.64 kmpl,1461 CC,108.5,5.0,1721.0,0.00545
Maruti Celerio ZXI AMT,Coimbatore,2017,35225,Petrol,Automatic,First,23.1 kmpl,998 CC,67.04,5.0,656.0,0.00525
BMW 3 Series 320d,Hyderabad,2010,80000,Diesel,Automatic,First,22.69 kmpl,1995 CC,190.0,5.0,4720.0,0.014199999999999999
Hyundai Grand i10 1.2 Kappa Sportz,Coimbatore,2016,29091,Petrol,Manual,First,18.9 kmpl,1197 CC,81.86,5.0,682.0,0.00487
Maruti Vitara Brezza ZDi Plus Dual Tone,Coimbatore,2017,26927,Diesel,Manual,First,24.3 kmpl,1248 CC,88.5,5.0,1256.0,0.01139
Maruti Vitara Brezza ZDi,Delhi,2016,35299,Diesel,Manual,First,24.3 kmpl,1248 CC,88.5,5.0,1014.0,0.008
Land Rover Range Rover Sport HSE,Kochi,2015,38467,Diesel,Automatic,First,12.65 kmpl,2993 CC,255.0,5.0,16000.0,0.07066
Maruti Alto K10 VXI,Mumbai,2017,12000,Petrol,Manual,First,24.07 kmpl,998 CC,67.1,5.0,482.0,0.00325
Maruti Ciaz Zeta,Kochi,2018,10575,Petrol,Manual,First,21.56 kmpl,1462 CC,103.25,5.0,1111.0,0.009179999999999999
Maruti Wagon R VXI 1.2,Kochi,2015,49818,Petrol,Manual,First,21.5 kmpl,1197 CC,81.8,5.0,544.0,0.00411
Toyota Innova Crysta 2.8 ZX AT,Kochi,2017,26023,Diesel,Automatic,First,11.36 kmpl,2755 CC,171.5,7.0,2655.0,0.019969999999999998
Maruti Swift VDI,Pune,2014,115000,Diesel,Manual,First,28.4 kmpl,1248 CC,74.0,5.0,826.0,0.0045
Tata Zest Quadrajet 1.3 XT,Bangalore,2017,27768,Diesel,Manual,First,20.65 kmpl,1248 CC,88.7,5.0,1006.0,0.005849999999999999
Maruti Alto K10 VXI,Chennai,2011,28300,Petrol,Manual,First,24.07 kmpl,998 CC,67.1,5.0,450.0,0.00215
Audi A6 35 TFSI Matrix,Delhi,2018,22000,Petrol,Automatic,First,15.26 kmpl,1798 CC,187.74,5.0,5697.0,0.0415
Maruti Vitara Brezza ZDi Plus Dual Tone,Coimbatore,2018,28741,Diesel,Manual,First,24.3 kmpl,1248 CC,88.5,5.0,1256.0,0.011
Hyundai Verna VTVT 1.6 SX,Kolkata,2018,5000,Petrol,Manual,First,17.0 kmpl,1591 CC,121.3,5.0,1119.0,0.0087
Maruti Ertiga ZDI Plus,Hyderabad,2016,42000,Diesel,Manual,First,25.47 kmpl,1248 CC,88.5,7.0,1333.0,0.0099
Hyundai Verna VTVT 1.6 SX,Kochi,2012,32542,Petrol,Manual,First,17.0 kmpl,1591 CC,121.3,5.0,1167.0,0.00577
BMW 3 Series 320d,Kochi,2012,55598,Diesel,Automatic,First,22.69 kmpl,1995 CC,190.0,5.0,4787.0,0.0115
Maruti Dzire VDI,Jaipur,2013,77084,Diesel,Manual,First,28.4 kmpl,1248 CC,73.75,5.0,875.0,0.00495
Toyota Innova Crysta 2.8 GX AT 8S,Chennai,2016,40000,Diesel,Automatic,First,11.36 kmpl,2755 CC,171.5,8.0,2110.0,0.01645
Maruti Baleno Alpha Diesel,Mumbai,2018,2000,Diesel,Manual,First,27.39 kmpl,1248 CC,74.0,5.0,1027.9999999999998,0.0087
Skoda Superb Style 1.8 TSI AT,Mumbai,2016,14500,Petrol,Automatic,First,14.67 kmpl,1798 CC,177.46,5.0,3336.0,0.02075
Maruti Ciaz Alpha,Mumbai,2017,19416,Petrol,Manual,First,21.56 kmpl,1462 CC,103.25,5.0,1156.0,0.00825
Toyota Innova Crysta 2.8 ZX AT,Pune,2016,50296,Diesel,Automatic,Second,11.36 kmpl,2755 CC,171.5,7.0,2707.0,0.019
Jeep Compass 2.0 Longitude,Kochi,2018,26101,Diesel,Manual,First,17.1 kmpl,1956 CC,170.0,5.0,2138.0,0.01755
Maruti Alto K10 LXI Optional,Pune,2016,7000,Petrol,Manual,First,24.07 kmpl,998 CC,67.1,5.0,436.00000000000006,0.003
Honda Jazz Exclusive CVT,Mumbai,2018,3000,Petrol,Automatic,First,19.0 kmpl,1199 CC,88.7,5.0,1081.0,0.00825
Nissan Sunny XE P,Coimbatore,2012,50297,Petrol,Manual,First,16.95 kmpl,1498 CC,97.6,5.0,855.0000000000001,0.004690000000000001
Toyota Corolla Altis 1.8 GL,Chennai,2009,32000,Petrol,Manual,Second,14.28 kmpl,1798 CC,138.03,5.0,2266.0,0.00495
Maruti Alto K10 VXI,Jaipur,2016,51264,Petrol,Manual,First,24.07 kmpl,998 CC,67.1,5.0,424.0,0.0032
Mercedes-Benz CLA 200 CGI Sport,Delhi,2016,40000,Petrol,Automatic,First,15.04 kmpl,1991 CC,183.0,5.0,4102.000000000001,0.0245
Hyundai Creta 1.6 SX Automatic Diesel,Kolkata,2018,14000,Diesel,Automatic,First,17.6 kmpl,1582 CC,126.2,5.0,1700.0,0.01125
Audi RS5 Coupe,Mumbai,2013,23312,Petrol,Automatic,First,11.05 kmpl,2894 CC,444.0,4.0,12800.0,0.0405
BMW 5 Series 520d Luxury Line,Coimbatore,2014,60280,Diesel,Automatic,First,22.48 kmpl,1995 CC,190.0,5.0,6371.0,0.022449999999999998
Land Rover Range Rover 3.0 Diesel LWB Vogue,Hyderabad,2017,25000,Diesel,Automatic,First,13.33 kmpl,2993 CC,255.0,5.0,23000.0,0.16
Maruti Baleno RS Petrol,Coimbatore,2018,26731,Petrol,Manual,First,21.1 kmpl,998 CC,100.0,5.0,1089.0,0.00861
Toyota Camry Hybrid 2.5,Coimbatore,2017,23249,Petrol,Automatic,First,19.16 kmpl,2487 CC,175.67,5.0,4061.9999999999995,0.026109999999999998
Hyundai Grand i10 1.2 Kappa Asta,Delhi,2018,10000,Petrol,Manual,First,18.9 kmpl,1197 CC,81.86,5.0,754.0,0.0065
Skoda Superb Style 1.8 TSI AT,Coimbatore,2016,54253,Petrol,Automatic,First,14.67 kmpl,1798 CC,177.46,5.0,3019.0,0.01681
Maruti Wagon R VXI,Pune,2014,38958,Petrol,Manual,First,22.5 kmpl,998 CC,67.04,5.0,556.0,0.0034100000000000003
Datsun redi-GO S,Chennai,2016,26239,Petrol,Manual,First,22.7 kmpl,799 CC,53.0,5.0,443.0,0.00275
Toyota Fortuner 2.8 2WD MT,Coimbatore,2019,56251,Diesel,Manual,First,14.24 kmpl,2755 CC,174.5,7.0,3717.0,0.03582
Honda BR-V i-VTEC S MT,Bangalore,2016,34004,Petrol,Manual,First,15.4 kmpl,1497 CC,117.3,7.0,1290.0,0.00802
Maruti Wagon R CNG LXI,Mumbai,2014,47200,CNG,Manual,First,33.54 km/kg,998 CC,67.04,5.0,558.0,0.00285
Maruti Dzire VDI,Kochi,2017,54758,Diesel,Manual,First,28.4 kmpl,1248 CC,73.75,5.0,858.0,0.00667
Toyota Innova Crysta 2.8 ZX AT,Bangalore,2017,53841,Diesel,Automatic,First,11.36 kmpl,2755 CC,171.5,7.0,2805.0,0.0205
Hyundai Creta 1.6 SX Option,Kochi,2017,47183,Petrol,Manual,Second,15.8 kmpl,1591 CC,121.3,5.0,1586.0,0.01131
Datsun redi-GO T Option,Kochi,2018,6279,Petrol,Manual,First,22.7 kmpl,799 CC,53.64,5.0,405.0,0.0036
Hyundai Creta 1.6 SX Option Diesel,Coimbatore,2017,101065,Diesel,Manual,First,20.5 kmpl,1582 CC,126.2,5.0,1918.0,0.01145
Maruti Baleno Delta,Kochi,2017,15134,Petrol,Manual,First,21.4 kmpl,1197 CC,83.1,5.0,736.0,0.00637
Maruti Ertiga VDI,Chennai,2016,86000,Diesel,Manual,Second,25.47 kmpl,1248 CC,88.5,7.0,1099.0,0.008199999999999999
Honda City i-DTEC SV,Kolkata,2015,39000,Diesel,Manual,First,25.6 kmpl,1498 CC,98.6,5.0,1223.0,0.00549
Volkswagen Vento 1.6 Highline,Jaipur,2016,33000,Petrol,Manual,First,16.09 kmpl,1598 CC,103.5,5.0,1163.0,0.0077
Hyundai Verna VTVT 1.6 SX,Bangalore,2014,46676,Petrol,Manual,First,17.0 kmpl,1591 CC,121.3,5.0,1227.0,0.00775
Maruti Alto K10 LXI,Kochi,2014,51349,Petrol,Manual,First,24.07 kmpl,998 CC,67.1,5.0,391.0,0.0029300000000000003
Audi Q3 30 TDI Premium FWD,Coimbatore,2018,22060,Diesel,Automatic,First,18.51 kmpl,1968 CC,147.51,5.0,4480.0,0.032729999999999995
Audi A4 35 TDI Premium Plus,Kochi,2015,13506,Diesel,Automatic,First,18.25 kmpl,1968 CC,187.74,5.0,5040.0,0.02166
Renault KWID RXT Optional,Mumbai,2016,16000,Petrol,Manual,First,25.17 kmpl,799 CC,53.3,5.0,478.0,0.00299
Honda Amaze S Petrol,Kolkata,2013,32576,Petrol,Manual,First,19.5 kmpl,1199 CC,88.76,5.0,736.0,0.00315
Datsun redi-GO T Option,Coimbatore,2017,27509,Petrol,Manual,First,22.7 kmpl,799 CC,53.64,5.0,404.0,0.00331
Skoda Superb Style 1.8 TSI AT,Mumbai,2016,53000,Petrol,Automatic,First,14.67 kmpl,1798 CC,177.46,5.0,3336.0,0.01785
Toyota Innova Crysta 2.8 ZX AT,Delhi,2016,42000,Diesel,Automatic,First,11.36 kmpl,2755 CC,171.5,7.0,2655.0,0.019600000000000003
Maruti Wagon R VXI AMT,Mumbai,2018,1997,Petrol,Automatic,First,22.5 kmpl,998 CC,67.0,5.0,614.0,0.00445
Maruti Vitara Brezza ZDi Plus Dual Tone,Pune,2016,47300,Diesel,Manual,First,24.3 kmpl,1248 CC,88.5,5.0,1196.0,0.00885
Maruti Ertiga VDI,Coimbatore,2014,53817,Diesel,Manual,First,25.47 kmpl,1248 CC,88.5,7.0,1144.0,0.00756
Toyota Innova Crysta 2.8 ZX AT,Ahmedabad,2016,42388,Diesel,Automatic,First,11.36 kmpl,2755 CC,171.5,7.0,2463.0,0.018
BMW X1 xDrive 20d M Sport,Kolkata,2017,27001,Diesel,Automatic,First,20.68 kmpl,1995 CC,190.0,5.0,5026.0,0.029
Hyundai Grand i10 1.2 Kappa Sportz,Coimbatore,2017,38712,Petrol,Manual,First,18.9 kmpl,1197 CC,81.86,5.0,745.0,0.00587
Maruti Swift ZXI Plus,Ahmedabad,2018,2000,Petrol,Manual,First,22.0 kmpl,1197 CC,81.8,5.0,816.0,0.00775
Toyota Innova Crysta 2.4 VX MT 8S,Coimbatore,2019,31271,Diesel,Manual,First,13.68 kmpl,2393 CC,147.8,8.0,2401.0,0.02142
Skoda Rapid 1.5 TDI Ambition,Mumbai,2012,54500,Diesel,Manual,First,21.13 kmpl,1498 CC,108.4,5.0,1372.0,0.0040999999999999995
Toyota Innova Crysta 2.4 ZX MT,Ahmedabad,2016,54000,Diesel,Manual,First,13.68 kmpl,2393 CC,147.8,7.0,2314.0,0.0165
Tata Tiago 1.2 Revotron XZ WO Alloy,Hyderabad,2017,16500,Petrol,Manual,First,23.84 kmpl,1199 CC,84.0,5.0,629.0,0.005
Honda Amaze V Petrol,Jaipur,2018,6000,Petrol,Manual,First,19.5 kmpl,1199 CC,86.76,5.0,818.0,0.0067
Maruti Wagon R LXI,Mumbai,2010,12000,Petrol,Manual,First,22.5 kmpl,998 CC,67.04,5.0,504.0,0.0024500000000000004
Hyundai Grand i10 1.2 Kappa Magna,Kolkata,2018,4500,Petrol,Manual,First,18.9 kmpl,1197 CC,81.86,5.0,640.0,0.0048
Hyundai Grand i10 1.2 Kappa Asta,Kochi,2017,51223,Petrol,Manual,First,18.9 kmpl,1197 CC,81.86,5.0,748.0,0.00566
Ford Mustang V8,Kochi,2018,21290,Petrol,Automatic,First,13.0 kmpl,4951 CC,395.0,4.0,8392.0,0.056799999999999996
Toyota Innova Crysta 2.8 GX AT,Kochi,2019,14076,Diesel,Automatic,First,11.36 kmpl,2755 CC,171.5,7.0,2073.9999999999995,0.019399999999999997
Hyundai Grand i10 1.2 Kappa Asta,Hyderabad,2017,22500,Petrol,Manual,First,18.9 kmpl,1197 CC,81.86,5.0,782.0,0.0059900000000000005
Honda Amaze S Diesel,Kolkata,2013,46500,Diesel,Manual,First,27.4 kmpl,1498 CC,98.6,5.0,853.9999999999999,0.0033
Maruti Wagon R VXI,Jaipur,2017,39867,Petrol,Manual,First,22.5 kmpl,998 CC,67.04,5.0,544.0,0.0045
Skoda Superb Style 2.0 TDI AT,Mumbai,2015,19000,Diesel,Automatic,First,18.19 kmpl,1968 CC,174.5,5.0,3694.0,0.0155
Volkswagen Vento 1.5 TDI Comfortline,Kolkata,2012,34000,Diesel,Manual,First,20.64 kmpl,1498 CC,108.5,5.0,1116.0,0.0034
Hyundai Verna VTVT 1.6 SX Option,Kochi,2016,52378,Petrol,Manual,First,17.0 kmpl,1591 CC,121.3,5.0,1360.0,0.00797
Maruti Dzire AMT ZDI Plus,Kochi,2018,64035,Diesel,Automatic,First,28.4 kmpl,1248 CC,73.75,5.0,1070.0,0.00855
Maruti Eeco 7 Seater Standard,Chennai,2016,55000,Petrol,Manual,First,15.1 kmpl,1196 CC,73.0,7.0,487.0,0.00375
Mitsubishi Pajero Sport 4X4,Coimbatore,2015,53497,Diesel,Manual,First,13.5 kmpl,2477 CC,175.56,7.0,3460.0,0.01642
Mercedes-Benz GLE 350d,Chennai,2016,29000,Diesel,Automatic,First,11.57 kmpl,2987 CC,254.79,5.0,9279.0,0.065
Maruti Wagon R VXI AMT,Kolkata,2017,17000,Petrol,Automatic,First,22.5 kmpl,998 CC,67.0,5.0,580.0,0.00395
BMW 3 Series 320d,Mumbai,2011,51000,Diesel,Automatic,First,22.69 kmpl,1995 CC,190.0,5.0,4787.0,0.0105
BMW 5 Series 520d Luxury Line,Coimbatore,2011,51602,Diesel,Automatic,First,22.48 kmpl,1995 CC,190.0,5.0,6371.0,0.01727
BMW 3 Series Luxury Line,Pune,2016,70000,Diesel,Automatic,Second,21.76 kmpl,1995 CC,190.0,5.0,6211.0,0.027
Honda Jazz V,Kochi,2017,36973,Petrol,Manual,First,18.2 kmpl,1199 CC,88.7,5.0,871.0000000000001,0.0068
Maruti Wagon R VXI,Mumbai,2014,43628,Petrol,Manual,First,22.5 kmpl,998 CC,67.04,5.0,561.0,0.00316
Maruti Vitara Brezza ZDi Plus AMT Dual Tone,Chennai,2018,3300,Diesel,Automatic,First,24.3 kmpl,1248 CC,88.5,5.0,1288.0,0.0115
Maruti Alto K10 LXI,Delhi,2016,35027,Petrol,Manual,First,24.07 kmpl,998 CC,67.1,5.0,391.0,0.003
Maruti Vitara Brezza ZDi,Bangalore,2017,45000,Diesel,Manual,First,24.3 kmpl,1248 CC,88.5,5.0,1100.0,0.00975
BMW X1 sDrive 20d xLine,Coimbatore,2019,15456,Diesel,Automatic,First,20.68 kmpl,1995 CC,190.0,5.0,4818.0,0.03664
Hyundai Grand i10 1.2 CRDi Asta,Kochi,2015,81828,Diesel,Manual,First,24.0 kmpl,1186 CC,73.97,5.0,868.0,0.00543
Renault KWID 1.0 RXT Optional,Jaipur,2016,26000,Petrol,Manual,First,21.7 kmpl,999 CC,67.0,5.0,478.0,0.003
Honda WRV i-VTEC VX,Hyderabad,2017,15000,Petrol,Manual,First,17.5 kmpl,1199 CC,88.7,5.0,1083.0,0.0089
Volkswagen Vento 1.6 Comfortline,Kochi,2012,60818,Petrol,Manual,First,16.09 kmpl,1598 CC,103.5,5.0,1105.0,0.00359
Maruti Ertiga VDI,Pune,2016,54161,Diesel,Manual,First,25.47 kmpl,1248 CC,88.5,7.0,1127.0,0.00764
Volkswagen Vento 1.6 Comfortline,Kochi,2018,20488,Petrol,Manual,Second,16.09 kmpl,1598 CC,103.5,5.0,1148.0,0.00764
Toyota Fortuner 2.8 2WD MT,Coimbatore,2017,72668,Diesel,Manual,First,14.24 kmpl,2755 CC,174.5,7.0,3717.0,0.02885
Toyota Etios Cross 1.4L VD,Bangalore,2014,57464,Diesel,Manual,First,23.59 kmpl,1364 CC,67.06,5.0,999.0,0.00575
Toyota Innova Crysta 2.8 ZX AT,Chennai,2016,80000,Diesel,Automatic,First,11.36 kmpl,2755 CC,171.5,7.0,2695.0,0.0195
Hyundai Xcent 1.2 VTVT E,Pune,2018,40000,Petrol,Manual,First,20.14 kmpl,1197 CC,81.86,5.0,671.0,0.005
Hyundai Verna VTVT 1.6 SX Option,Kochi,2019,12336,Petrol,Manual,First,17.0 kmpl,1591 CC,121.3,5.0,1360.0,0.01188
Nissan Micra Active XV,Pune,2018,24000,Petrol,Manual,First,19.69 kmpl,1198 CC,67.04,5.0,699.0,0.004
Volkswagen Vento 1.5 TDI Highline,Chennai,2011,121311,Diesel,Manual,First,20.64 kmpl,1498 CC,108.5,5.0,1432.0,0.0029
Tata Tiago 1.2 Revotron XT Option,Coimbatore,2019,16698,Petrol,Manual,First,23.84 kmpl,1199 CC,84.0,5.0,621.0,0.005849999999999999
Land Rover Range Rover Evoque 2.0 TD4 HSE Dynamic,Hyderabad,2016,52000,Diesel,Automatic,First,15.68 kmpl,1999 CC,177.0,5.0,7448.999999999999,0.042
Hyundai Elite i20 Sportz Plus,Kochi,2017,37460,Petrol,Manual,First,18.6 kmpl,1197 CC,81.86,5.0,802.9999999999999,0.00628
Mercedes-Benz S-Class S 350 d,Bangalore,2011,47140,Diesel,Automatic,Second,13.5 kmpl,2925 CC,281.61,5.0,17100.0,0.03
Hyundai Creta 1.6 SX Option Diesel,Bangalore,2016,93000,Diesel,Manual,First,20.5 kmpl,1582 CC,126.2,5.0,1918.0,0.0108
Volvo V40 D3 R Design,Hyderabad,2015,38000,Diesel,Automatic,Second,16.8 kmpl,1969 CC,150.0,5.0,3790.0,0.024
BMW 3 Series Luxury Line,Kochi,2018,21936,Diesel,Automatic,First,21.76 kmpl,1995 CC,190.0,5.0,5867.0,0.03792
Skoda Superb Style 1.8 TSI AT,Delhi,2013,80000,Petrol,Automatic,Second,14.67 kmpl,1798 CC,177.46,5.0,3254.0,0.00725
Mahindra Thar CRDe,Coimbatore,2017,28599,Diesel,Manual,First,16.55 kmpl,2498 CC,105.0,6.0,1171.0,0.00966
Datsun redi-GO T,Kolkata,2016,15000,Petrol,Manual,First,22.7 kmpl,799 CC,53.64,5.0,398.0,0.00225
Maruti Alto K10 VXI,Kochi,2015,23876,Petrol,Manual,First,24.07 kmpl,998 CC,67.1,5.0,409.0,0.00346
BMW 3 Series 320d,Hyderabad,2011,89000,Diesel,Automatic,First,22.69 kmpl,1995 CC,190.0,5.0,4720.0,0.013949999999999999
Maruti Wagon R VXI 1.2,Kolkata,2014,37000,Petrol,Manual,First,21.5 kmpl,1197 CC,81.8,5.0,556.0,0.0028
Audi A4 35 TDI Technology,Hyderabad,2017,14000,Diesel,Automatic,First,18.25 kmpl,1968 CC,187.74,5.0,5561.0,0.043
Hyundai Santro D Lite,Chennai,2001,140000,Petrol,Manual,Third,20.3 kmpl,1086 CC,68.0,5.0,455.0,0.0007
Maruti Baleno Alpha,Chennai,2016,16000,Petrol,Manual,First,21.4 kmpl,1197 CC,83.1,5.0,880.0000000000001,0.0069500000000000004
Tata Nexon 1.2 Revotron XZ Plus,Coimbatore,2018,17477,Petrol,Manual,First,17.0 kmpl,1198 CC,108.5,5.0,1113.0,0.00962
Maruti Wagon R LXI,Kochi,2014,52431,Petrol,Manual,First,22.5 kmpl,998 CC,67.04,5.0,459.0,0.0030099999999999997
Maruti Vitara Brezza ZDi Plus,Kochi,2018,57078,Diesel,Manual,First,24.3 kmpl,1248 CC,88.5,5.0,1158.0,0.01019
Maruti Baleno Alpha Diesel,Hyderabad,2017,24000,Diesel,Manual,First,27.39 kmpl,1248 CC,74.0,5.0,1063.0,0.008400000000000001
Maruti Baleno Alpha CVT,Mumbai,2018,3000,Petrol,Automatic,First,21.4 kmpl,1197 CC,83.1,5.0,1030.0000000000002,0.00885
Honda City i-VTEC VX,Ahmedabad,2017,29000,Petrol,Manual,First,17.4 kmpl,1497 CC,117.3,5.0,1268.0,0.01
Mercedes-Benz GLC 220d 4MATIC Style,Mumbai,2017,24000,Diesel,Automatic,First,17.9 kmpl,2143 CC,170.0,5.0,5977.0,0.046950000000000006
Hyundai Creta 1.6 SX Option Executive,Coimbatore,2018,44383,Petrol,Manual,First,15.8 kmpl,1591 CC,121.3,5.0,1770.0,0.01325
Hyundai Creta 1.6 SX,Delhi,2016,69000,Petrol,Manual,First,15.8 kmpl,1591 CC,121.3,5.0,1423.0,0.009699999999999999
Maruti Dzire AMT VDI,Coimbatore,2018,25082,Diesel,Automatic,First,28.4 kmpl,1248 CC,73.75,5.0,961.9999999999999,0.008369999999999999
Audi A4 35 TDI Premium Plus,Coimbatore,2014,28469,Diesel,Automatic,First,18.25 kmpl,1968 CC,187.74,5.0,5314.0,0.02437
Ford Aspire Titanium Diesel,Kolkata,2017,60048,Diesel,Manual,First,26.1 kmpl,1498 CC,99.0,5.0,891.0,0.006
Maruti Dzire AMT ZXI Plus,Coimbatore,2019,8018,Petrol,Automatic,First,22.0 kmpl,1197 CC,81.8,5.0,1026.0,0.0083
Tata Tiago AMT 1.2 Revotron XZA,Pune,2018,2000,Petrol,Automatic,First,23.84 kmpl,1199 CC,83.83,5.0,694.0,0.005
Hyundai Verna CRDi 1.6 SX Option,Hyderabad,2008,109606,Diesel,Manual,First,22.0 kmpl,1582 CC,126.2,5.0,1559.0,0.0029
Honda Amaze V CVT Petrol,Kochi,2019,25717,Petrol,Automatic,First,19.0 kmpl,1199 CC,88.76,5.0,947.0000000000001,0.00886
Honda Jazz VX,Chennai,2017,8000,Petrol,Manual,First,18.2 kmpl,1199 CC,88.7,5.0,910.0,0.0079
Hyundai Creta 1.6 SX Option Diesel,Coimbatore,2019,24864,Diesel,Manual,First,20.5 kmpl,1582 CC,126.2,5.0,1918.0,0.01627
BMW 5 Series 530d M Sport,Hyderabad,2016,27000,Diesel,Automatic,First,18.59 kmpl,2993 CC,265.0,5.0,7831.0,0.048
Audi A3 35 TDI Premium Plus,Mumbai,2016,39000,Diesel,Automatic,First,20.38 kmpl,1968 CC,143.0,5.0,4289.0,0.0189
Volkswagen Polo 1.5 TDI Comfortline,Jaipur,2015,66000,Diesel,Manual,First,20.14 kmpl,1498 CC,88.0,5.0,956.0,0.00491
BMW X3 xDrive 20d xLine,Kochi,2017,36723,Diesel,Automatic,First,18.56 kmpl,1995 CC,190.0,5.0,6476.000000000001,0.03257
Audi Q7 45 TDI Quattro Technology,Pune,2017,59500,Diesel,Automatic,First,14.75 kmpl,2967 CC,245.0,7.0,9992.0,0.068
Honda Jazz VX Diesel,Hyderabad,2017,17151,Diesel,Manual,First,27.3 kmpl,1498 CC,98.6,5.0,1105.0,0.008400000000000001
Maruti Vitara Brezza LDi,Kochi,2018,32539,Diesel,Manual,First,24.3 kmpl,1248 CC,88.5,5.0,863.0000000000001,0.00839
Land Rover Discovery Sport TD4 HSE 7S,Coimbatore,2019,24013,Diesel,Automatic,First,12.81 kmpl,1999 CC,148.31,7.0,6922.0,0.05614
Jeep Compass 2.0 Sport,Kolkata,2017,27000,Diesel,Manual,First,17.1 kmpl,1956 CC,170.0,5.0,1845.0,0.015
Maruti Vitara Brezza ZDi,Coimbatore,2017,58829,Diesel,Manual,First,24.3 kmpl,1248 CC,88.5,5.0,989.0,0.00905
Maruti Celerio LXI MT,Kolkata,2018,30000,Petrol,Manual,First,23.1 kmpl,998 CC,67.04,5.0,487.0,0.00375
Maruti Vitara Brezza ZDi,Coimbatore,2017,21789,Diesel,Manual,First,24.3 kmpl,1248 CC,88.5,5.0,1100.0,0.009880000000000002
Hyundai Elite i20 Asta Option,Coimbatore,2019,21134,Petrol,Manual,First,18.6 kmpl,1197 CC,81.86,5.0,977.9999999999999,0.00878
Maruti Dzire VDI,Hyderabad,2013,68434,Diesel,Manual,First,28.4 kmpl,1248 CC,73.75,5.0,914.0,0.0055
Maruti Alto K10 VXI,Pune,2014,17000,Petrol,Manual,First,24.07 kmpl,998 CC,67.1,5.0,448.00000000000006,0.0021000000000000003
Hyundai Verna CRDi 1.6 SX Option,Mumbai,2013,79225,Diesel,Manual,First,22.0 kmpl,1582 CC,126.2,5.0,1557.0,0.0055
Maruti Wagon R VXI,Kochi,2019,31817,Petrol,Manual,First,22.5 kmpl,998 CC,67.04,5.0,512.0,0.00534
Mercedes-Benz GLE 250d,Hyderabad,2016,50000,Diesel,Automatic,First,17.9 kmpl,2143 CC,201.15,5.0,7943.000000000001,0.049
Tata Zest Quadrajet 1.3 75PS XE,Kolkata,2017,45000,Diesel,Manual,First,22.95 kmpl,1248 CC,74.0,5.0,794.0,0.00375
Mercedes-Benz GLE 350d,Bangalore,2016,28541,Diesel,Automatic,First,11.57 kmpl,2987 CC,254.79,5.0,9513.0,0.06075
Nissan Micra XV CVT,Kolkata,2011,44000,Petrol,Automatic,First,19.15 kmpl,1198 CC,75.94,5.0,873.0,0.00265
Tata Zest Revotron 1.2 XT,Coimbatore,2015,27000,Petrol,Manual,First,17.57 kmpl,1193 CC,88.7,5.0,869.0,0.0052699999999999995
Honda Jazz VX Diesel,Chennai,2016,14980,Diesel,Manual,First,27.3 kmpl,1498 CC,98.6,5.0,1081.0,0.0074
Mercedes-Benz CLA 200 CDI Sport,Jaipur,2017,39000,Diesel,Automatic,First,17.9 kmpl,2143 CC,136.0,5.0,4240.0,0.027
Toyota Corolla Altis 1.8 GL,Coimbatore,2015,53920,Petrol,Manual,First,14.28 kmpl,1798 CC,138.03,5.0,2337.0,0.01077
BMW 5 Series 530d M Sport,Chennai,2010,58000,Diesel,Automatic,First,18.59 kmpl,2993 CC,265.0,5.0,7978.0,0.01175
Maruti Celerio CNG VXI MT,Delhi,2015,64687,CNG,Manual,First,31.79 km/kg,998 CC,58.33,5.0,587.0,0.0038
Tata Zest Revotron 1.2T XM,Kochi,2015,39208,Petrol,Manual,First,17.57 kmpl,1193 CC,88.7,5.0,763.0,0.00452
Honda City i-VTEC VX,Coimbatore,2013,38622,Petrol,Manual,First,17.4 kmpl,1497 CC,117.3,5.0,1268.0,0.00626
Hyundai Verna CRDi 1.6 AT SX Plus,Bangalore,2012,79000,Diesel,Automatic,First,22.0 kmpl,1582 CC,126.2,5.0,1660.0000000000002,0.00525
Renault KWID Climber 1.0 AMT,Coimbatore,2018,38171,Petrol,Automatic,Second,22.5 kmpl,999 CC,67.0,5.0,572.0,0.0049900000000000005
Renault KWID 1.0 RXT Optional AMT,Kochi,2017,53105,Petrol,Automatic,First,22.5 kmpl,999 CC,67.0,5.0,493.0,0.00441
Mahindra Bolero ZLX,Coimbatore,2017,68557,Diesel,Manual,First,15.96 kmpl,2523 CC,62.1,7.0,1128.0,0.008140000000000001
Volkswagen Vento 1.5 TDI Highline,Hyderabad,2016,34000,Diesel,Manual,First,20.64 kmpl,1498 CC,108.5,5.0,1420.0,0.00845
BMW 3 Series 320d,Bangalore,2012,73000,Diesel,Automatic,First,22.69 kmpl,1995 CC,190.0,5.0,4879.0,0.0125
Ford EcoSport 1.5 Diesel Trend,Kochi,2017,63423,Diesel,Manual,First,23.0 kmpl,1498 CC,98.96,5.0,1042.0,0.007690000000000001
Hyundai Creta 1.6 SX Option,Kochi,2018,53322,Petrol,Manual,First,15.8 kmpl,1591 CC,121.3,5.0,1605.9999999999998,0.01213
Ford EcoSport 1.5 Petrol Titanium,Hyderabad,2017,21800,Petrol,Manual,First,17.0 kmpl,1497 CC,121.36,5.0,1127.0,0.00875
Ford Freestyle Titanium Plus Petrol,Jaipur,2018,1001,Petrol,Manual,First,19.0 kmpl,1194 CC,94.68,5.0,844.0,0.00723
Hyundai Elantra 1.6 SX,Pune,2013,170000,Diesel,Manual,First,22.54 kmpl,1582 CC,126.2,5.0,2087.0,0.0075
Maruti Vitara Brezza ZDi Plus Dual Tone,Pune,2016,85000,Diesel,Manual,First,24.3 kmpl,1248 CC,88.5,5.0,1196.0,0.0089
Toyota Etios Cross 1.4L VD,Jaipur,2014,62322,Diesel,Manual,First,23.59 kmpl,1364 CC,67.06,5.0,955.0000000000001,0.004900000000000001
Maruti Alto K10 VXI,Kochi,2015,37929,Petrol,Manual,First,24.07 kmpl,998 CC,67.1,5.0,409.0,0.00369
Tata Tiago 1.2 Revotron XM Option,Chennai,2016,5400,Petrol,Manual,First,23.84 kmpl,1199 CC,84.0,5.0,545.0,0.00398
Volkswagen Ameo 1.2 MPI Highline,Kochi,2017,14576,Petrol,Manual,First,17.0 kmpl,1198 CC,73.75,5.0,838.0000000000001,0.006690000000000001
Honda BRV i-VTEC V CVT,Mumbai,2017,17000,Petrol,Automatic,First,16.0 kmpl,1497 CC,117.3,7.0,1502.0,0.0095
Maruti Celerio ZXI Optional AMT,Kochi,2018,12278,Petrol,Automatic,First,23.1 kmpl,998 CC,67.04,5.0,595.0,0.00563
Hyundai Creta 1.6 SX,Coimbatore,2018,17665,Petrol,Manual,First,15.8 kmpl,1591 CC,121.3,5.0,1536.0,0.011779999999999999
Tata Zest Revotron 1.2T XE,Kolkata,2017,65000,Petrol,Manual,First,17.57 kmpl,1193 CC,88.7,5.0,659.0,0.0048
Volkswagen Vento 1.6 Comfortline,Kolkata,2014,38000,Petrol,Manual,First,16.09 kmpl,1598 CC,103.5,5.0,1094.0,0.00349
Volkswagen Polo 1.5 TDI Highline,Hyderabad,2016,29647,Diesel,Manual,First,20.14 kmpl,1498 CC,88.0,5.0,1015.0,0.0063
Maruti Baleno RS Petrol,Kochi,2018,43639,Petrol,Manual,First,21.1 kmpl,998 CC,100.0,5.0,983.0,0.008150000000000001
BMW 3 Series Luxury Line,Bangalore,2017,21000,Diesel,Automatic,First,21.76 kmpl,1995 CC,190.0,5.0,6207.0,0.035
Maruti Dzire VXI,Pune,2013,74000,Petrol,Manual,First,22.0 kmpl,1197 CC,81.8,5.0,767.0,0.0045
Volkswagen Polo 1.5 TDI Highline,Chennai,2017,25000,Diesel,Manual,First,20.14 kmpl,1498 CC,88.0,5.0,997.0000000000001,0.006900000000000001
Audi A6 35 TDI Matrix,Chennai,2015,20000,Diesel,Automatic,First,18.53 kmpl,1968 CC,187.74,5.0,6767.0,0.0355
Hyundai Grand i10 1.2 CRDi Sportz,Kochi,2018,32663,Diesel,Manual,First,24.0 kmpl,1186 CC,73.97,5.0,818.0,0.00628
Tata Bolt Quadrajet XE,Hyderabad,2016,100303,Diesel,Manual,First,22.95 kmpl,1248 CC,74.0,5.0,743.0,0.0037
Maruti Eeco 7 Seater Standard,Mumbai,2014,34670,Petrol,Manual,First,15.1 kmpl,1196 CC,73.0,7.0,471.0,0.0029
Hyundai Grand i10 1.2 CRDi Sportz,Delhi,2015,59261,Diesel,Manual,First,24.0 kmpl,1186 CC,73.97,5.0,818.0,0.00425
BMW 3 Series 320d Luxury Line,Hyderabad,2015,47000,Diesel,Automatic,First,22.69 kmpl,1995 CC,190.0,5.0,5368.0,0.0295
Ford Ecosport Signature Edition Diesel,Ahmedabad,2018,13000,Diesel,Manual,First,23.0 kmpl,1498 CC,98.96,5.0,1212.0,0.0109
Maruti Celerio ZXI MT,Bangalore,2015,48808,Petrol,Manual,First,23.1 kmpl,998 CC,67.04,5.0,605.0,0.0043
Hyundai i20 Active SX Dual Tone Petrol,Pune,2019,1000,Petrol,Manual,First,17.19 kmpl,1197 CC,81.86,5.0,1025.0,0.0086
Volkswagen Ameo 1.5 TDI Highline,Pune,2016,20000,Diesel,Manual,First,21.66 kmpl,1498 CC,108.62,5.0,1003.9999999999999,0.00675
Volkswagen Polo GT TSI,Kochi,2015,26323,Petrol,Automatic,First,17.21 kmpl,1197 CC,103.5,5.0,1083.0,0.0074
Mahindra Bolero ZLX,Jaipur,2016,65000,Diesel,Manual,First,15.96 kmpl,2523 CC,62.1,7.0,1115.0,0.00721
Hyundai Xcent 1.2 CRDi S,Kolkata,2017,51000,Diesel,Manual,First,25.4 kmpl,1186 CC,73.97,5.0,823.0,0.004200000000000001
Toyota Innova Crysta 2.4 GX MT,Hyderabad,2016,73000,Diesel,Manual,First,13.68 kmpl,2393 CC,147.8,7.0,1937.0,0.0165
Maruti Swift LDI,Jaipur,2015,39437,Diesel,Manual,First,28.4 kmpl,1248 CC,74.0,5.0,701.0,0.00515
Tata Zest Revotron 1.2T XM,Mumbai,2014,36000,Petrol,Manual,First,17.57 kmpl,1193 CC,88.7,5.0,763.0,0.0037
Hyundai Grand i10 1.2 Kappa Magna,Pune,2010,45252,Petrol,Manual,First,18.9 kmpl,1197 CC,81.86,5.0,680.0,0.00225
Maruti Ertiga VDI,Kochi,2018,51236,Diesel,Manual,First,25.47 kmpl,1248 CC,88.5,7.0,1083.0,0.008490000000000001
Maruti Dzire AMT VXI,Chennai,2017,42000,Petrol,Automatic,First,22.0 kmpl,1197 CC,81.8,5.0,813.0000000000001,0.0055
Toyota Corolla Altis 1.8 VL CVT,Coimbatore,2016,82725,Petrol,Automatic,First,14.28 kmpl,1798 CC,138.03,5.0,2527.0,0.01199
BMW 3 Series Sport,Mumbai,2016,19000,Diesel,Automatic,Second,21.76 kmpl,1995 CC,190.0,5.0,5730.0,0.02999
Maruti Wagon R VXI AMT,Delhi,2016,30000,Petrol,Automatic,First,22.5 kmpl,998 CC,67.0,5.0,568.0,0.00425
Maruti Vitara Brezza ZDi Plus Dual Tone,Delhi,2016,22000,Diesel,Manual,First,24.3 kmpl,1248 CC,88.5,5.0,1175.0,0.00825
Honda WR-V Edge Edition i-VTEC S,Kochi,2019,13913,Petrol,Manual,First,17.5 kmpl,1199 CC,88.7,5.0,936.0,0.008199999999999999
Mercedes-Benz GLA Class 200 d Style,Kochi,2016,26212,Diesel,Automatic,First,17.9 kmpl,2143 CC,136.0,5.0,3872.0,0.024460000000000003
Tata Zest Revotron 1.2T XMS,Pune,2014,23500,Petrol,Manual,Second,17.57 kmpl,1193 CC,88.7,5.0,770.0,0.0039
Maruti Wagon R VXI AMT1.2,Mumbai,2015,26000,Petrol,Automatic,First,21.5 kmpl,1197 CC,81.8,5.0,643.0,0.00365
Hyundai Xcent 1.2 CRDi S,Kolkata,2016,26000,Diesel,Manual,First,25.4 kmpl,1186 CC,73.97,5.0,823.0,0.005
Maruti Wagon R VXI,Jaipur,2017,35362,Petrol,Manual,First,22.5 kmpl,998 CC,67.04,5.0,544.0,0.00385
BMW 3 Series 320d,Bangalore,2010,58000,Diesel,Automatic,First,22.69 kmpl,1995 CC,190.0,5.0,4879.0,0.0115
Renault KWID Climber 1.0 AMT,Chennai,2018,14000,Petrol,Automatic,First,22.5 kmpl,999 CC,67.0,5.0,567.0,0.0045
Hyundai Creta 1.6 SX Option Diesel,Coimbatore,2016,47392,Diesel,Manual,First,20.5 kmpl,1582 CC,126.2,5.0,1918.0,0.01382
Maruti Dzire LDI,Pune,2017,48000,Diesel,Manual,First,28.4 kmpl,1248 CC,73.75,5.0,791.0,0.006
Renault KWID RXL,Jaipur,2016,26000,Petrol,Manual,First,25.17 kmpl,799 CC,53.3,5.0,396.0,0.0025499999999999997
Maruti Alto K10 VXI,Jaipur,2016,35000,Petrol,Manual,First,24.07 kmpl,998 CC,67.1,5.0,424.0,0.003
BMW X3 xDrive 20d Luxury Line,Mumbai,2018,1400,Diesel,Automatic,First,18.56 kmpl,1995 CC,190.0,5.0,7055.0,0.06125
Mini Cooper 3 DOOR S,Kochi,2016,21110,Petrol,Automatic,First,17.44 kmpl,1998 CC,189.08,4.0,3927.0000000000005,0.02895
Toyota Etios Liva 1.2 G,Coimbatore,2015,64005,Petrol,Manual,First,17.71 kmpl,1197 CC,78.9,5.0,641.0,0.00457
Nissan Micra XV CVT,Mumbai,2015,34895,Petrol,Automatic,First,19.15 kmpl,1198 CC,75.94,5.0,947.0000000000001,0.0046
Toyota Innova Crysta 2.8 GX AT,Kochi,2017,20789,Diesel,Automatic,First,11.36 kmpl,2755 CC,171.5,7.0,2073.9999999999995,0.018359999999999998
Land Rover Range Rover Sport SE,Delhi,2014,47000,Diesel,Automatic,Second,12.65 kmpl,2993 CC,255.0,5.0,13899.999999999998,0.06475
BMW 5 Series 520d Luxury Line,Coimbatore,2016,75637,Diesel,Automatic,First,22.48 kmpl,1995 CC,190.0,5.0,7181.999999999999,0.03037
Renault KWID RXT Optional,Kochi,2019,6568,Petrol,Manual,First,25.17 kmpl,799 CC,53.3,5.0,478.0,0.00509
BMW 3 Series 320d Luxury Line,Kochi,2016,62404,Diesel,Automatic,First,22.69 kmpl,1995 CC,190.0,5.0,5443.0,0.02133
BMW 3 Series Luxury Line,Coimbatore,2017,34232,Diesel,Automatic,First,21.76 kmpl,1995 CC,190.0,5.0,5507.0,0.035840000000000004
Honda CR-V Petrol 2WD,Chennai,2004,135000,Petrol,Automatic,Third,14.4 kmpl,1997 CC,152.0,5.0,3351.0,0.003
Renault Duster 110PS Diesel RxZ AWD,Chennai,2012,80000,Diesel,Manual,First,19.72 kmpl,1461 CC,108.45,5.0,1594.0,0.00675
Toyota Fortuner 2.8 2WD AT,Coimbatore,2019,28069,Diesel,Automatic,First,12.9 kmpl,2755 CC,174.5,7.0,3445.0000000000005,0.030850000000000002
Nissan Sunny XV D,Chennai,2012,70000,Diesel,Manual,Second,22.71 kmpl,1461 CC,84.8,5.0,1148.0,0.004
Maruti Wagon R ZXI AMT 1.2,Mumbai,2019,600,Petrol,Automatic,First,21.5 kmpl,1197 CC,81.8,5.0,680.0,0.00625
Tata Tigor XE Diesel,Ahmedabad,2017,16235,Diesel,Manual,First,24.7 kmpl,1047 CC,69.0,5.0,715.0,0.0055
Skoda Superb Style 1.8 TSI AT,Kochi,2017,73641,Petrol,Automatic,First,14.67 kmpl,1798 CC,177.46,5.0,3336.0,0.017079999999999998
Hyundai Verna VTVT 1.6 AT SX Plus,Mumbai,2012,75059,Petrol,Automatic,First,17.0 kmpl,1591 CC,121.3,5.0,1370.0,0.00425
Toyota Etios 1.4 VXD,Pune,2018,3000,Diesel,Manual,First,23.59 kmpl,1364 CC,67.04,5.0,1063.0,0.0079
Volkswagen Polo 1.5 TDI Highline,Coimbatore,2014,52951,Diesel,Manual,First,20.14 kmpl,1498 CC,88.0,5.0,1032.0,0.0056500000000000005
Maruti Eeco 7 Seater Standard,Delhi,2016,126000,Petrol,Manual,First,15.1 kmpl,1196 CC,73.0,7.0,443.0,0.0022
Volkswagen Vento 1.5 TDI Highline,Hyderabad,2017,28000,Diesel,Manual,First,20.64 kmpl,1498 CC,108.5,5.0,1420.0,0.01
Hyundai Grand i10 1.2 Kappa Magna,Delhi,2017,46000,Petrol,Manual,First,18.9 kmpl,1197 CC,81.86,5.0,654.0,0.00475
Maruti Baleno Zeta,Coimbatore,2018,33150,Petrol,Manual,First,21.4 kmpl,1197 CC,83.1,5.0,871.0000000000001,0.00739
Honda City i-VTEC VX,Ahmedabad,2012,34000,Petrol,Manual,First,17.4 kmpl,1497 CC,117.3,5.0,1268.0,0.00575
Honda BRV i-VTEC V CVT,Mumbai,2017,16503,Petrol,Automatic,First,16.0 kmpl,1497 CC,117.3,7.0,1502.0,0.0095
Honda City i-VTEC CVT V,Kochi,2019,22321,Petrol,Automatic,First,18.0 kmpl,1497 CC,117.3,5.0,1340.0,0.01166
Mahindra KUV 100 G80 K8 Dual Tone,Delhi,2018,42000,Petrol,Manual,First,18.15 kmpl,1198 CC,82.0,6.0,796.0,0.0055
Honda City i-VTEC V,Kochi,2018,11732,Petrol,Manual,First,17.4 kmpl,1497 CC,117.3,5.0,1188.0,0.01007
Toyota Innova Crysta 2.4 VX MT,Kolkata,2017,31000,Diesel,Manual,First,13.68 kmpl,2393 CC,147.8,7.0,2136.0,0.01695
Volvo S60 D4 Momentum,Hyderabad,2014,51000,Diesel,Automatic,First,27.03 kmpl,1969 CC,190.0,5.0,4567.0,0.0215
Honda Brio 1.2 S Option MT,Delhi,2012,40315,Petrol,Manual,First,18.5 kmpl,1198 CC,86.8,5.0,592.0,0.00275
Tata Tiago 1.2 Revotron XZ,Coimbatore,2019,20712,Petrol,Manual,First,23.84 kmpl,1199 CC,84.0,5.0,659.0,0.00694
Nissan Terrano XL D Option,Kochi,2015,58817,Diesel,Manual,First,19.87 kmpl,1461 CC,83.14,5.0,1506.0,0.00625
Tata Tiago 1.2 Revotron XZ,Hyderabad,2017,22000,Petrol,Manual,First,23.84 kmpl,1199 CC,84.0,5.0,642.0,0.0048
Renault KWID RXL,Kochi,2019,7858,Petrol,Manual,First,25.17 kmpl,799 CC,53.3,5.0,404.0,0.0038
Honda Amaze VX Petrol,Mumbai,2014,21000,Petrol,Manual,First,19.5 kmpl,1199 CC,86.76,5.0,899.0,0.00475
Volkswagen Vento 1.5 TDI Highline AT,Pune,2016,19000,Diesel,Automatic,First,21.5 kmpl,1498 CC,108.5,5.0,1568.0,0.01
Skoda Rapid 1.6 MPI Ambition,Coimbatore,2019,21214,Petrol,Manual,First,15.41 kmpl,1598 CC,103.52,5.0,1244.0,0.00966
Maruti Celerio VXI AMT,Kolkata,2016,30000,Petrol,Automatic,First,23.1 kmpl,998 CC,67.04,5.0,577.0,0.0038
Renault KWID RXT Optional,Kochi,2017,21954,Petrol,Manual,First,25.17 kmpl,799 CC,53.3,5.0,478.0,0.0037
Nissan Micra XV CVT,Coimbatore,2017,54387,Petrol,Automatic,First,19.15 kmpl,1198 CC,75.94,5.0,951.0,0.005849999999999999
Renault KWID RXT Optional,Mumbai,2018,1617,Petrol,Manual,First,25.17 kmpl,799 CC,53.3,5.0,478.0,0.00429
Honda City i-DTEC SV,Hyderabad,2015,82000,Diesel,Manual,First,25.6 kmpl,1498 CC,98.6,5.0,1333.0,0.008
Hyundai Grand i10 1.2 Kappa Sportz,Kochi,2016,28147,Petrol,Manual,First,18.9 kmpl,1197 CC,81.86,5.0,662.0,0.00507
Renault Duster 110PS Diesel RxZ,Bangalore,2014,70000,Diesel,Manual,First,19.6 kmpl,1461 CC,108.45,5.0,1501.0,0.00825
Skoda Superb L&K 2.0 TDI AT,Mumbai,2017,35000,Diesel,Automatic,First,18.19 kmpl,1968 CC,174.5,5.0,4072.9999999999995,0.02575
Maruti Vitara Brezza ZDi Plus Dual Tone,Kochi,2017,21248,Diesel,Manual,First,24.3 kmpl,1248 CC,88.5,5.0,1175.0,0.009439999999999999
Mercedes-Benz C-Class Progressive C 220d,Ahmedabad,2019,4000,Diesel,Automatic,First,0.0 kmpl,1950 CC,194.0,5.0,4914.0,0.035
Mitsubishi Pajero Sport 4X4,Jaipur,2014,70000,Diesel,Manual,Second,13.5 kmpl,2477 CC,175.56,7.0,3321.0,0.01185
Hyundai Creta 1.6 SX,Hyderabad,2018,9900,Petrol,Manual,First,15.8 kmpl,1591 CC,121.3,5.0,1472.0,0.0132
Tata Zest Quadrajet 1.3 75PS XE,Hyderabad,2016,125000,Diesel,Manual,First,22.95 kmpl,1248 CC,74.0,5.0,809.0,0.0046
Renault Duster 110PS Diesel RxZ AMT,Coimbatore,2017,34686,Diesel,Automatic,First,19.6 kmpl,1461 CC,108.45,5.0,1505.0,0.011859999999999999
Skoda Superb Style 2.0 TDI AT,Mumbai,2017,42000,Diesel,Automatic,First,18.19 kmpl,1968 CC,174.5,5.0,3694.0,0.02299
Mahindra NuvoSport N6,Coimbatore,2018,37323,Diesel,Manual,Second,17.45 kmpl,1493 CC,100.0,7.0,1052.0,0.00729
Maruti Dzire LDI,Pune,2018,27000,Diesel,Manual,First,28.4 kmpl,1248 CC,73.75,5.0,791.0,0.005900000000000001
Renault KWID RXL,Pune,2018,1000,Petrol,Manual,First,25.17 kmpl,799 CC,53.3,5.0,445.0,0.0034
Maruti Ertiga VXI AT Petrol,Mumbai,2017,28000,Petrol,Automatic,First,18.69 kmpl,1462 CC,103.0,7.0,1065.0,0.008
Toyota Corolla Altis 1.8 G CVT,Delhi,2010,109703,Petrol,Automatic,Second,14.28 kmpl,1798 CC,138.03,5.0,2046.0,0.004
Hyundai Verna VTVT 1.6 AT SX Option,Mumbai,2018,8000,Petrol,Automatic,First,17.0 kmpl,1591 CC,121.3,5.0,1514.0,0.01285
Mercedes-Benz GLA Class 200 Sport,Kochi,2018,17773,Petrol,Automatic,First,13.7 kmpl,1991 CC,183.0,5.0,3922.0,0.026760000000000003
Volkswagen Polo 1.5 TDI Highline,Hyderabad,2013,65000,Diesel,Manual,Second,20.14 kmpl,1498 CC,88.0,5.0,1015.0,0.0035
Volkswagen Ameo 1.2 MPI Highline,Ahmedabad,2016,34005,Petrol,Manual,First,17.0 kmpl,1198 CC,73.75,5.0,809.0,0.00575
Maruti Baleno Alpha,Mumbai,2017,6000,Petrol,Manual,First,21.4 kmpl,1197 CC,83.1,5.0,877.9999999999999,0.0075
Tata Hexa XTA,Jaipur,2016,39000,Diesel,Automatic,First,17.6 kmpl,2179 CC,153.86,7.0,2100.0,0.0135
Tata Tiago 1.2 Revotron XT,Kochi,2017,15386,Petrol,Manual,First,23.84 kmpl,1199 CC,84.0,5.0,556.0,0.00511
Audi A4 35 TDI Premium Plus,Coimbatore,2013,58629,Diesel,Automatic,Second,18.25 kmpl,1968 CC,187.74,5.0,5314.0,0.01652
Tata Bolt Revotron XT,Chennai,2016,10000,Petrol,Manual,First,17.57 kmpl,1193 CC,88.7,5.0,777.0,0.004
Volkswagen Vento 1.6 Highline,Mumbai,2011,38000,Petrol,Manual,First,16.09 kmpl,1598 CC,103.5,5.0,1191.0,0.00325
Maruti Vitara Brezza VDi,Pune,2016,37208,Diesel,Manual,First,24.3 kmpl,1248 CC,88.5,5.0,993.0,0.00743
Honda Brio 1.2 VX MT,Delhi,2013,33746,Petrol,Manual,First,18.5 kmpl,1198 CC,86.8,5.0,663.0,0.0032
Maruti Swift VDI,Delhi,2014,27365,Diesel,Manual,First,28.4 kmpl,1248 CC,74.0,5.0,788.0,0.00475
